cohort,scope,outcome_id,adjustment,exposure_model,analysis_family,minimum_baseline_opportunities,outcome_coding_status,n,people,parameters,matrix_rank,events,any_withdrawal_n,any_withdrawal_events,any_withdrawal_nonevents,model_status,warnings,term,estimate_scale,estimate,standard_error,ci_low,ci_high,p_value,loss_1_n,loss_1_events,loss_1_nonevents,loss_2plus_n,loss_2plus_events,loss_2plus_nonevents,alcohol_loss_n,alcohol_loss_events,alcohol_loss_nonevents,activity_loss_n,activity_loss_events,activity_loss_nonevents,work_loss_n,work_loss_events,work_loss_nonevents,extended_loss_1_n,extended_loss_1_events,extended_loss_1_nonevents,extended_loss_2plus_n,extended_loss_2plus_events,extended_loss_2plus_nonevents,work_exit_retirement_n,work_exit_retirement_events,work_exit_retirement_nonevents,work_exit_no_retirement_n,work_exit_no_retirement_events,work_exit_no_retirement_nonevents,standardized_estimate,standardized_standard_error,standardized_ci_low,standardized_ci_high
share,comparable_22_30_months,incident_diabetes,basic,any_withdrawal,core,2,PASS_BASELINE_FREE_RISK_SET,31984,19859,10,10,773.0,9552.0,299.0,9253.0,PASS,,any_withdrawal,risk_ratio,1.5902576127758956,0.07423091608649136,1.374934511044574,1.839301621042593,4.121271001150495e-10,,,,,,,,,,,,,,,,,,,,,,,,,,,,,,,
share,comparable_22_30_months,incident_diabetes,basic,score_categorical,core,2,PASS_BASELINE_FREE_RISK_SET,31984,19859,11,11,773.0,,,,PASS,,loss_1,risk_ratio,1.4581653449330734,0.07946013919406725,1.247872400378468,1.7038971072033633,2.0669040283000706e-06,8310.0,239.0,8071.0,1242.0,60.0,1182.0,,,,,,,,,,,,,,,,,,,,,,,,,
share,comparable_22_30_months,incident_diabetes,basic,score_categorical,core,2,PASS_BASELINE_FREE_RISK_SET,31984,19859,11,11,773.0,,,,PASS,,loss_2plus,risk_ratio,2.5568325913469256,0.13580940901810523,1.9593007962702444,3.3365948263883305,4.76515362163462e-12,8310.0,239.0,8071.0,1242.0,60.0,1182.0,,,,,,,,,,,,,,,,,,,,,,,,,
share,comparable_22_30_months,incident_diabetes,basic,mutually_adjusted_components,core,2,PASS_BASELINE_FREE_RISK_SET,31984,19859,12,12,773.0,,,,PASS,,alcohol_loss,risk_ratio,1.4824551069030305,0.09089457905517882,1.2405433486924637,1.7715407900088536,1.4817319818395283e-05,,,,,,,4543.0,155.0,4388.0,2363.0,104.0,2259.0,3938.0,101.0,3837.0,,,,,,,,,,,,,,,,
share,comparable_22_30_months,incident_diabetes,basic,mutually_adjusted_components,core,2,PASS_BASELINE_FREE_RISK_SET,31984,19859,12,12,773.0,,,,PASS,,activity_loss,risk_ratio,1.775189294706361,0.10610526531898658,1.4418753079918085,2.185554475184875,6.343206913042703e-08,,,,,,,4543.0,155.0,4388.0,2363.0,104.0,2259.0,3938.0,101.0,3837.0,,,,,,,,,,,,,,,,
share,comparable_22_30_months,incident_diabetes,basic,mutually_adjusted_components,core,2,PASS_BASELINE_FREE_RISK_SET,31984,19859,12,12,773.0,,,,PASS,,work_loss,risk_ratio,1.3114839451712763,0.11173012872656708,1.0535572025135396,1.6325550566580753,0.015227915786664594,,,,,,,4543.0,155.0,4388.0,2363.0,104.0,2259.0,3938.0,101.0,3837.0,,,,,,,,,,,,,,,,
share,comparable_22_30_months,incident_diabetes,full,any_withdrawal,core,2,PASS_BASELINE_FREE_RISK_SET,18540,13369,15,15,464.0,6006.0,181.0,5825.0,PASS,,any_withdrawal,risk_ratio,1.244994984718093,0.097218718584985,1.028998824541103,1.5063306925199405,0.024195838035374603,,,,,,,,,,,,,,,,,,,,,,,,,,,,,,,
share,comparable_22_30_months,incident_diabetes,full,score_categorical,core,2,PASS_BASELINE_FREE_RISK_SET,18540,13369,16,16,464.0,,,,PASS,,loss_1,risk_ratio,1.1600337499664777,0.10349866589274796,0.9470488926864633,1.4209174536322469,0.15148401625537872,5232.0,144.0,5088.0,774.0,37.0,737.0,,,,,,,,,,,,,,,,,,,,,,,,,
share,comparable_22_30_months,incident_diabetes,full,score_categorical,core,2,PASS_BASELINE_FREE_RISK_SET,18540,13369,16,16,464.0,,,,PASS,,loss_2plus,risk_ratio,1.8241840552325637,0.17693817467215012,1.289610641071804,2.5803505037761556,0.0006802517606618925,5232.0,144.0,5088.0,774.0,37.0,737.0,,,,,,,,,,,,,,,,,,,,,,,,,
share,comparable_22_30_months,incident_diabetes,full,mutually_adjusted_components,core,2,PASS_BASELINE_FREE_RISK_SET,18540,13369,17,17,464.0,,,,PASS,,alcohol_loss,risk_ratio,1.1322014877377435,0.11782341661961523,0.8987362253960083,1.4263141649494853,0.2919681187570836,,,,,,,2942.0,92.0,2850.0,1501.0,69.0,1432.0,2368.0,58.0,2310.0,,,,,,,,,,,,,,,,
share,comparable_22_30_months,incident_diabetes,full,mutually_adjusted_components,core,2,PASS_BASELINE_FREE_RISK_SET,18540,13369,17,17,464.0,,,,PASS,,activity_loss,risk_ratio,1.6729681895259316,0.13289790445955368,1.2893320601279799,2.170753873046375,0.00010788356519224184,,,,,,,2942.0,92.0,2850.0,1501.0,69.0,1432.0,2368.0,58.0,2310.0,,,,,,,,,,,,,,,,
share,comparable_22_30_months,incident_diabetes,full,mutually_adjusted_components,core,2,PASS_BASELINE_FREE_RISK_SET,18540,13369,17,17,464.0,,,,PASS,,work_loss,risk_ratio,1.0232410140181207,0.1477188305233278,0.7660188255425785,1.366836085297533,0.8764016649189311,,,,,,,2942.0,92.0,2850.0,1501.0,69.0,1432.0,2368.0,58.0,2310.0,,,,,,,,,,,,,,,,
share,comparable_22_30_months,incident_diabetes,full,extended_score_categorical,enrichment,1,PASS_BASELINE_FREE_RISK_SET,22760,19812,15,15,756.0,,,,PASS,,extended_loss_1,risk_ratio,1.2799363488811326,0.0830529778452591,1.087660983546909,1.5062019158256492,0.002961348345218048,,,,,,,,,,,,,,,,6337.0,224.0,6113.0,1238.0,51.0,1187.0,,,,,,,,,,
share,comparable_22_30_months,incident_diabetes,full,extended_score_categorical,enrichment,1,PASS_BASELINE_FREE_RISK_SET,22760,19812,15,15,756.0,,,,PASS,,extended_loss_2plus,risk_ratio,1.728546958905392,0.15501273361867296,1.2756575515874784,2.3422231032324072,0.00041468711267420954,,,,,,,,,,,,,,,,6337.0,224.0,6113.0,1238.0,51.0,1187.0,,,,,,,,,,
share,comparable_22_30_months,incident_diabetes,full,work_exit_phenotype,enrichment,1,PASS_BASELINE_FREE_RISK_SET,7853,6155,16,16,193.0,,,,NOT_EVALUABLE_WORK_EXIT_NO_RETIREMENT_EVENTS,,,,,,,,,,,,,,,,,,,,,,,,,,,,,,2205.0,58.0,2147.0,232.0,7.0,225.0,,,,
share,comparable_22_30_months,incident_stroke,basic,any_withdrawal,core,2,PASS_BASELINE_FREE_RISK_SET,34877,21704,10,10,650.0,10607.0,246.0,10361.0,PASS,,any_withdrawal,risk_ratio,1.4086749452723473,0.08116081288624041,1.2015077629285709,1.651562447338112,2.422956794805712e-05,,,,,,,,,,,,,,,,,,,,,,,,,,,,,,,
share,comparable_22_30_months,incident_stroke,basic,score_categorical,core,2,PASS_BASELINE_FREE_RISK_SET,34877,21704,11,11,650.0,,,,PASS,,loss_1,risk_ratio,1.3283729065040615,0.0866806199530595,1.120823767287383,1.5743550683303855,0.0010533543375567894,9192.0,199.0,8993.0,1415.0,47.0,1368.0,,,,,,,,,,,,,,,,,,,,,,,,,
share,comparable_22_30_months,incident_stroke,basic,score_categorical,core,2,PASS_BASELINE_FREE_RISK_SET,34877,21704,11,11,650.0,,,,PASS,,loss_2plus,risk_ratio,1.9314201855304352,0.15236648664942604,1.4327887979703269,2.6035825645474353,1.558791160235798e-05,9192.0,199.0,8993.0,1415.0,47.0,1368.0,,,,,,,,,,,,,,,,,,,,,,,,,
share,comparable_22_30_months,incident_stroke,basic,mutually_adjusted_components,core,2,PASS_BASELINE_FREE_RISK_SET,34877,21704,12,12,650.0,,,,PASS,,alcohol_loss,risk_ratio,1.3752857701833165,0.09655899560828622,1.138155976894337,1.6618205132391193,0.0009662470197946143,,,,,,,5068.0,135.0,4933.0,2660.0,82.0,2578.0,4348.0,78.0,4270.0,,,,,,,,,,,,,,,,
share,comparable_22_30_months,incident_stroke,basic,mutually_adjusted_components,core,2,PASS_BASELINE_FREE_RISK_SET,34877,21704,12,12,650.0,,,,PASS,,activity_loss,risk_ratio,1.343223023360426,0.11782716559886763,1.0662362950603559,1.6921653284963365,0.012270161416578005,,,,,,,5068.0,135.0,4933.0,2660.0,82.0,2578.0,4348.0,78.0,4270.0,,,,,,,,,,,,,,,,
share,comparable_22_30_months,incident_stroke,basic,mutually_adjusted_components,core,2,PASS_BASELINE_FREE_RISK_SET,34877,21704,12,12,650.0,,,,PASS,,work_loss,risk_ratio,1.3652600240092636,0.13036272888431588,1.0574270548938327,1.762707814720058,0.01692666013795111,,,,,,,5068.0,135.0,4933.0,2660.0,82.0,2578.0,4348.0,78.0,4270.0,,,,,,,,,,,,,,,,
share,comparable_22_30_months,incident_stroke,full,any_withdrawal,core,2,PASS_BASELINE_FREE_RISK_SET,20148,14558,15,15,391.0,6615.0,152.0,6463.0,PASS,,any_withdrawal,risk_ratio,1.260784589213877,0.1042141760026068,1.0278591925061773,1.546493714302848,0.026173058400459578,,,,,,,,,,,,,,,,,,,,,,,,,,,,,,,
share,comparable_22_30_months,incident_stroke,full,score_categorical,core,2,PASS_BASELINE_FREE_RISK_SET,20148,14558,16,16,391.0,,,,PASS,,loss_1,risk_ratio,1.2171941775759085,0.11031194628880504,0.9805328935099674,1.5109759965534824,0.07478994227262095,5752.0,125.0,5627.0,863.0,27.0,836.0,,,,,,,,,,,,,,,,,,,,,,,,,
share,comparable_22_30_months,incident_stroke,full,score_categorical,core,2,PASS_BASELINE_FREE_RISK_SET,20148,14558,16,16,391.0,,,,PASS,,loss_2plus,risk_ratio,1.5518693509812318,0.2018583226426657,1.044799702492707,2.3050336602978887,0.029475145932318387,5752.0,125.0,5627.0,863.0,27.0,836.0,,,,,,,,,,,,,,,,,,,,,,,,,
share,comparable_22_30_months,incident_stroke,full,mutually_adjusted_components,core,2,PASS_BASELINE_FREE_RISK_SET,20148,14558,17,17,391.0,,,,PASS,,alcohol_loss,risk_ratio,1.3132441328589086,0.1228965358769523,1.0321332005682637,1.670918202746336,0.026601473148166622,,,,,,,3261.0,86.0,3175.0,1660.0,50.0,1610.0,2591.0,45.0,2546.0,,,,,,,,,,,,,,,,
share,comparable_22_30_months,incident_stroke,full,mutually_adjusted_components,core,2,PASS_BASELINE_FREE_RISK_SET,20148,14558,17,17,391.0,,,,PASS,,activity_loss,risk_ratio,1.1520595003797454,0.15219266415755178,0.8549255157817789,1.552464007582631,0.3523301499100917,,,,,,,3261.0,86.0,3175.0,1660.0,50.0,1610.0,2591.0,45.0,2546.0,,,,,,,,,,,,,,,,
share,comparable_22_30_months,incident_stroke,full,mutually_adjusted_components,core,2,PASS_BASELINE_FREE_RISK_SET,20148,14558,17,17,391.0,,,,PASS,,work_loss,risk_ratio,1.23545913740692,0.1720210648501045,0.8818684184648641,1.7308242910652152,0.21900907695441962,,,,,,,3261.0,86.0,3175.0,1660.0,50.0,1610.0,2591.0,45.0,2546.0,,,,,,,,,,,,,,,,
share,comparable_22_30_months,incident_stroke,full,extended_score_categorical,enrichment,1,PASS_BASELINE_FREE_RISK_SET,25513,22215,15,15,593.0,,,,PASS,,extended_loss_1,risk_ratio,1.3275218039317098,0.09245878874433329,1.1074920037416935,1.5912657915001391,0.0021823970553967315,,,,,,,,,,,,,,,,7171.0,189.0,6982.0,1406.0,40.0,1366.0,,,,,,,,,,
share,comparable_22_30_months,incident_stroke,full,extended_score_categorical,enrichment,1,PASS_BASELINE_FREE_RISK_SET,25513,22215,15,15,593.0,,,,PASS,,extended_loss_2plus,risk_ratio,1.5413746450479244,0.17706985284333604,1.0893967586450202,2.1808728340183916,0.014544554403412964,,,,,,,,,,,,,,,,7171.0,189.0,6982.0,1406.0,40.0,1366.0,,,,,,,,,,
share,comparable_22_30_months,incident_stroke,full,work_exit_phenotype,enrichment,1,PASS_BASELINE_FREE_RISK_SET,8562,6707,16,16,112.0,,,,NOT_EVALUABLE_EPV,,,,,,,,,,,,,,,,,,,,,,,,,,,,,,,,,,,,,,,
share,comparable_22_30_months,incident_any_adl,basic,any_withdrawal,core,2,PASS_STRICT_COMPLETE_ITEM_COUNTS,34331,21598,10,10,1830.0,10267.0,733.0,9534.0,PASS,,any_withdrawal,risk_ratio,1.577541370052661,0.046323054280456875,1.4406235232389701,1.7274719828483687,7.492398811456075e-23,,,,,,,,,,,,,,,,,,,,,,,,,,,,,,,
share,comparable_22_30_months,incident_any_adl,basic,score_categorical,core,2,PASS_STRICT_COMPLETE_ITEM_COUNTS,34331,21598,11,11,1830.0,,,,PASS,,loss_1,risk_ratio,1.4713969701424934,0.04918227058071322,1.336182664015978,1.6202942172872112,4.072637811167874e-15,8994.0,595.0,8399.0,1273.0,138.0,1135.0,,,,,,,,,,,,,,,,,,,,,,,,,
share,comparable_22_30_months,incident_any_adl,basic,score_categorical,core,2,PASS_STRICT_COMPLETE_ITEM_COUNTS,34331,21598,11,11,1830.0,,,,PASS,,loss_2plus,risk_ratio,2.345046559324334,0.08595871161437936,1.9814507481581545,2.775362128233914,3.572299322726144e-23,8994.0,595.0,8399.0,1273.0,138.0,1135.0,,,,,,,,,,,,,,,,,,,,,,,,,
share,comparable_22_30_months,incident_any_adl,basic,mutually_adjusted_components,core,2,PASS_STRICT_COMPLETE_ITEM_COUNTS,34331,21598,12,12,1830.0,,,,PASS,,alcohol_loss,risk_ratio,1.2606518157229412,0.05626502163758104,1.1290216771231119,1.4076284208600298,3.842562354926825e-05,,,,,,,4918.0,377.0,4541.0,2371.0,307.0,2064.0,4303.0,188.0,4115.0,,,,,,,,,,,,,,,,
share,comparable_22_30_months,incident_any_adl,basic,mutually_adjusted_components,core,2,PASS_STRICT_COMPLETE_ITEM_COUNTS,34331,21598,12,12,1830.0,,,,PASS,,activity_loss,risk_ratio,2.0895849945240426,0.059823794545820395,1.858394599207295,2.349536234770878,7.163340796023303e-35,,,,,,,4918.0,377.0,4541.0,2371.0,307.0,2064.0,4303.0,188.0,4115.0,,,,,,,,,,,,,,,,
share,comparable_22_30_months,incident_any_adl,basic,mutually_adjusted_components,core,2,PASS_STRICT_COMPLETE_ITEM_COUNTS,34331,21598,12,12,1830.0,,,,PASS,,work_loss,risk_ratio,1.1901156630845526,0.08006586562692669,1.017271746341864,1.3923273664215163,0.029717043634189227,,,,,,,4918.0,377.0,4541.0,2371.0,307.0,2064.0,4303.0,188.0,4115.0,,,,,,,,,,,,,,,,
share,comparable_22_30_months,incident_any_adl,full,any_withdrawal,core,2,PASS_STRICT_COMPLETE_ITEM_COUNTS,19818,14421,15,15,1111.0,6412.0,483.0,5929.0,PASS,,any_withdrawal,risk_ratio,1.4610509200303077,0.060593710892747524,1.2974418187123846,1.6452913418806794,3.91576945983225e-10,,,,,,,,,,,,,,,,,,,,,,,,,,,,,,,
share,comparable_22_30_months,incident_any_adl,full,score_categorical,core,2,PASS_STRICT_COMPLETE_ITEM_COUNTS,19818,14421,16,16,1111.0,,,,PASS,,loss_1,risk_ratio,1.4233969822724453,0.06285625638780214,1.2584115575909867,1.610013001645381,1.9461169322171697e-08,5639.0,406.0,5233.0,773.0,77.0,696.0,,,,,,,,,,,,,,,,,,,,,,,,,
share,comparable_22_30_months,incident_any_adl,full,score_categorical,core,2,PASS_STRICT_COMPLETE_ITEM_COUNTS,19818,14421,16,16,1111.0,,,,PASS,,loss_2plus,risk_ratio,1.7358947839707284,0.11750514824261162,1.378804952486801,2.1854655334548694,2.6842926517580077e-06,5639.0,406.0,5233.0,773.0,77.0,696.0,,,,,,,,,,,,,,,,,,,,,,,,,
share,comparable_22_30_months,incident_any_adl,full,mutually_adjusted_components,core,2,PASS_STRICT_COMPLETE_ITEM_COUNTS,19818,14421,17,17,1111.0,,,,PASS,,alcohol_loss,risk_ratio,1.1346132812745846,0.07133309594919122,0.9865725361484773,1.3048683709262876,0.07665175913120005,,,,,,,3170.0,248.0,2922.0,1479.0,206.0,1273.0,2569.0,106.0,2463.0,,,,,,,,,,,,,,,,
share,comparable_22_30_months,incident_any_adl,full,mutually_adjusted_components,core,2,PASS_STRICT_COMPLETE_ITEM_COUNTS,19818,14421,17,17,1111.0,,,,PASS,,activity_loss,risk_ratio,1.9042818861105453,0.07434033046909799,1.6460864209978565,2.202976378099566,4.544002694238212e-18,,,,,,,3170.0,248.0,2922.0,1479.0,206.0,1273.0,2569.0,106.0,2463.0,,,,,,,,,,,,,,,,
share,comparable_22_30_months,incident_any_adl,full,mutually_adjusted_components,core,2,PASS_STRICT_COMPLETE_ITEM_COUNTS,19818,14421,17,17,1111.0,,,,PASS,,work_loss,risk_ratio,1.0343698526098848,0.10770205752486918,0.8375286971908013,1.2774738293468302,0.753704697131407,,,,,,,3170.0,248.0,2922.0,1479.0,206.0,1273.0,2569.0,106.0,2463.0,,,,,,,,,,,,,,,,
share,comparable_22_30_months,incident_any_adl,full,extended_score_categorical,enrichment,1,PASS_STRICT_COMPLETE_ITEM_COUNTS,24465,21363,15,15,2106.0,,,,PASS,,extended_loss_1,risk_ratio,1.4609731926913883,0.047356649041631046,1.3314724797446233,1.6030693102813922,1.1920438101452069e-15,,,,,,,,,,,,,,,,6755.0,655.0,6100.0,1287.0,146.0,1141.0,,,,,,,,,,
share,comparable_22_30_months,incident_any_adl,full,extended_score_categorical,enrichment,1,PASS_STRICT_COMPLETE_ITEM_COUNTS,24465,21363,15,15,2106.0,,,,PASS,,extended_loss_2plus,risk_ratio,2.0231639989513592,0.08783900782486065,1.7031872187771593,2.4032546284557337,1.0386270384679146e-15,,,,,,,,,,,,,,,,6755.0,655.0,6100.0,1287.0,146.0,1141.0,,,,,,,,,,
share,comparable_22_30_months,incident_any_adl,full,work_exit_phenotype,enrichment,1,PASS_STRICT_COMPLETE_ITEM_COUNTS,8459,6661,16,16,279.0,,,,NOT_EVALUABLE_WORK_EXIT_NO_RETIREMENT_EVENTS,,,,,,,,,,,,,,,,,,,,,,,,,,,,,,2405.0,97.0,2308.0,238.0,17.0,221.0,,,,
share,comparable_22_30_months,multimorbidity_progression,basic,any_withdrawal,core,2,PASS_STRICT_COMMON_SIX,36928,22906,11,11,7190.0,11401.0,2350.0,9051.0,PASS,,any_withdrawal,risk_ratio,1.1325684634404112,0.022709727821200915,1.0832629986996045,1.1841181005163066,4.212460843839853e-08,,,,,,,,,,,,,,,,,,,,,,,,,,,,,,,
share,comparable_22_30_months,multimorbidity_progression,basic,score_categorical,core,2,PASS_STRICT_COMMON_SIX,36928,22906,12,12,7190.0,,,,PASS,,loss_1,risk_ratio,1.1070217224488192,0.023959452283444815,1.05623807826669,1.1602470306548864,2.200054858936252e-05,9832.0,1991.0,7841.0,1569.0,359.0,1210.0,,,,,,,,,,,,,,,,,,,,,,,,,
share,comparable_22_30_months,multimorbidity_progression,basic,score_categorical,core,2,PASS_STRICT_COMMON_SIX,36928,22906,12,12,7190.0,,,,PASS,,loss_2plus,risk_ratio,1.3102636296405767,0.04811313706205611,1.1923526177317982,1.4398347884912892,1.948425406656735e-08,9832.0,1991.0,7841.0,1569.0,359.0,1210.0,,,,,,,,,,,,,,,,,,,,,,,,,
share,comparable_22_30_months,multimorbidity_progression,basic,mutually_adjusted_components,core,2,PASS_STRICT_COMMON_SIX,36928,22906,13,13,7190.0,,,,PASS,,alcohol_loss,risk_ratio,1.10428842148072,0.028746272441312698,1.0437912385612145,1.1682919656398936,0.000558673486361462,,,,,,,5475.0,1167.0,4308.0,2999.0,685.0,2314.0,4554.0,867.0,3687.0,,,,,,,,,,,,,,,,
share,comparable_22_30_months,multimorbidity_progression,basic,mutually_adjusted_components,core,2,PASS_STRICT_COMMON_SIX,36928,22906,13,13,7190.0,,,,PASS,,activity_loss,risk_ratio,1.2012932036043866,0.035796836594633355,1.1198985890419193,1.288603606743247,3.002023429080232e-07,,,,,,,5475.0,1167.0,4308.0,2999.0,685.0,2314.0,4554.0,867.0,3687.0,,,,,,,,,,,,,,,,
share,comparable_22_30_months,multimorbidity_progression,basic,mutually_adjusted_components,core,2,PASS_STRICT_COMMON_SIX,36928,22906,13,13,7190.0,,,,PASS,,work_loss,risk_ratio,1.0740672535074365,0.03432985133061354,1.0041760370193062,1.1488229379395445,0.03740140821352908,,,,,,,5475.0,1167.0,4308.0,2999.0,685.0,2314.0,4554.0,867.0,3687.0,,,,,,,,,,,,,,,,
share,comparable_22_30_months,multimorbidity_progression,full,any_withdrawal,core,2,PASS_STRICT_COMMON_SIX,21328,15364,15,15,4262.0,7124.0,1492.0,5632.0,PASS,,any_withdrawal,risk_ratio,1.090904789964647,0.029308394544714123,1.0300053915033547,1.1554048848529104,0.002990755767583039,,,,,,,,,,,,,,,,,,,,,,,,,,,,,,,
share,comparable_22_30_months,multimorbidity_progression,full,score_categorical,core,2,PASS_STRICT_COMMON_SIX,21328,15364,16,16,4262.0,,,,PASS,,loss_1,risk_ratio,1.0691537966727043,0.030804385432615804,1.0065131240895822,1.1356929319462312,0.02995284578674958,6160.0,1265.0,4895.0,964.0,227.0,737.0,,,,,,,,,,,,,,,,,,,,,,,,,
share,comparable_22_30_months,multimorbidity_progression,full,score_categorical,core,2,PASS_STRICT_COMMON_SIX,21328,15364,16,16,4262.0,,,,PASS,,loss_2plus,risk_ratio,1.2472684373434342,0.06086621501047785,1.1070073804195752,1.4053009783941122,0.00028321293759079897,6160.0,1265.0,4895.0,964.0,227.0,737.0,,,,,,,,,,,,,,,,,,,,,,,,,
share,comparable_22_30_months,multimorbidity_progression,full,mutually_adjusted_components,core,2,PASS_STRICT_COMMON_SIX,21328,15364,17,17,4262.0,,,,PASS,,alcohol_loss,risk_ratio,1.042065118619972,0.03644099010413801,0.9702334242195148,1.1192149067818262,0.25817435956205803,,,,,,,3534.0,749.0,2785.0,1879.0,451.0,1428.0,2712.0,527.0,2185.0,,,,,,,,,,,,,,,,
share,comparable_22_30_months,multimorbidity_progression,full,mutually_adjusted_components,core,2,PASS_STRICT_COMMON_SIX,21328,15364,17,17,4262.0,,,,PASS,,activity_loss,risk_ratio,1.221123085612763,0.044411999310701875,1.1193241639577607,1.3321802907783071,6.855340755318791e-06,,,,,,,3534.0,749.0,2785.0,1879.0,451.0,1428.0,2712.0,527.0,2185.0,,,,,,,,,,,,,,,,
share,comparable_22_30_months,multimorbidity_progression,full,mutually_adjusted_components,core,2,PASS_STRICT_COMMON_SIX,21328,15364,17,17,4262.0,,,,PASS,,work_loss,risk_ratio,1.0361130527887032,0.04495581900217396,0.9487257372904732,1.1315496312191238,0.43003243187282614,,,,,,,3534.0,749.0,2785.0,1879.0,451.0,1428.0,2712.0,527.0,2185.0,,,,,,,,,,,,,,,,
share,comparable_22_30_months,multimorbidity_progression,full,extended_score_categorical,enrichment,1,PASS_STRICT_COMMON_SIX,27713,24049,15,15,5726.0,,,,PASS,,extended_loss_1,risk_ratio,1.1391035026573526,0.026853384950654976,1.0807009782066108,1.200662177542861,1.2340041587077113e-06,,,,,,,,,,,,,,,,7771.0,1674.0,6097.0,1556.0,343.0,1213.0,,,,,,,,,,
share,comparable_22_30_months,multimorbidity_progression,full,extended_score_categorical,enrichment,1,PASS_STRICT_COMMON_SIX,27713,24049,15,15,5726.0,,,,PASS,,extended_loss_2plus,risk_ratio,1.246668329279067,0.051633380255861616,1.1266798148029844,1.3794353132164976,1.9547088456201996e-05,,,,,,,,,,,,,,,,7771.0,1674.0,6097.0,1556.0,343.0,1213.0,,,,,,,,,,
share,comparable_22_30_months,multimorbidity_progression,full,work_exit_phenotype,enrichment,1,PASS_STRICT_COMMON_SIX,8865,6937,16,16,1631.0,,,,PASS,,work_exit_retirement,risk_ratio,1.0386794510169663,0.051496923736924306,0.9389604047298616,1.148988814150574,0.4611587820064609,,,,,,,,,,,,,,,,,,,,,,2542.0,500.0,2042.0,261.0,50.0,211.0,,,,
share,comparable_22_30_months,multimorbidity_progression,full,work_exit_phenotype,enrichment,1,PASS_STRICT_COMMON_SIX,8865,6937,16,16,1631.0,,,,PASS,,work_exit_no_retirement,risk_ratio,1.0463567699567844,0.13108810802542728,0.8092773558614959,1.352889070853696,0.7295840731684358,,,,,,,,,,,,,,,,,,,,,,2542.0,500.0,2042.0,261.0,50.0,211.0,,,,
share,comparable_22_30_months,mortality,basic,any_withdrawal,core,2,PASS_SOURCE_STATUS,44044,27598,10,10,1412.0,13872.0,723.0,13149.0,PASS,,any_withdrawal,risk_ratio,2.0997130927942296,0.05257981712656559,1.8941044953759196,2.327640889304,3.3863292941371376e-45,,,,,,,,,,,,,,,,,,,,,,,,,,,,,,,
share,comparable_22_30_months,mortality,basic,score_categorical,core,2,PASS_SOURCE_STATUS,44044,27598,11,11,1412.0,,,,PASS,,loss_1,risk_ratio,1.7790403867391082,0.0571470440503785,1.590531062753145,1.9898917863134185,6.734236963323488e-24,11823.0,498.0,11325.0,2049.0,225.0,1824.0,,,,,,,,,,,,,,,,,,,,,,,,,
share,comparable_22_30_months,mortality,basic,score_categorical,core,2,PASS_SOURCE_STATUS,44044,27598,11,11,1412.0,,,,PASS,,loss_2plus,risk_ratio,3.7388354268117183,0.07686836010374844,3.2159247820501373,4.346771549759596,5.642503384066875e-66,11823.0,498.0,11325.0,2049.0,225.0,1824.0,,,,,,,,,,,,,,,,,,,,,,,,,
share,comparable_22_30_months,mortality,basic,mutually_adjusted_components,core,2,PASS_SOURCE_STATUS,44044,27598,12,12,1412.0,,,,PASS,,alcohol_loss,risk_ratio,1.683970269828053,0.058033930262599884,1.5029199481450817,1.8868309474264962,2.7036135416855494e-19,,,,,,,6761.0,422.0,6339.0,3862.0,389.0,3473.0,5371.0,144.0,5227.0,,,,,,,,,,,,,,,,
share,comparable_22_30_months,mortality,basic,mutually_adjusted_components,core,2,PASS_SOURCE_STATUS,44044,27598,12,12,1412.0,,,,PASS,,activity_loss,risk_ratio,2.3500266811587776,0.06116981518298018,2.0845146514555895,2.649357920464489,2.44018025282494e-44,,,,,,,6761.0,422.0,6339.0,3862.0,389.0,3473.0,5371.0,144.0,5227.0,,,,,,,,,,,,,,,,
share,comparable_22_30_months,mortality,basic,mutually_adjusted_components,core,2,PASS_SOURCE_STATUS,44044,27598,12,12,1412.0,,,,PASS,,work_loss,risk_ratio,1.4331349697965425,0.09070062640448666,1.199727407006333,1.7119520898324323,7.25982863694591e-05,,,,,,,6761.0,422.0,6339.0,3862.0,389.0,3473.0,5371.0,144.0,5227.0,,,,,,,,,,,,,,,,
share,comparable_22_30_months,mortality,full,any_withdrawal,core,2,PASS_SOURCE_STATUS,25874,18535,15,15,831.0,8759.0,452.0,8307.0,PASS,,any_withdrawal,risk_ratio,1.9215942177193308,0.06977407963540232,1.6759840412750597,2.2031977910500617,7.89855026678911e-21,,,,,,,,,,,,,,,,,,,,,,,,,,,,,,,
share,comparable_22_30_months,mortality,full,score_categorical,core,2,PASS_SOURCE_STATUS,25874,18535,16,16,831.0,,,,PASS,,loss_1,risk_ratio,1.6630924679122614,0.07512404877203345,1.4353925585601401,1.9269129830246445,1.2773217234346538e-11,7483.0,312.0,7171.0,1276.0,140.0,1136.0,,,,,,,,,,,,,,,,,,,,,,,,,
share,comparable_22_30_months,mortality,full,score_categorical,core,2,PASS_SOURCE_STATUS,25874,18535,16,16,831.0,,,,PASS,,loss_2plus,risk_ratio,3.2348539653936976,0.1013119683089278,2.6522702617165663,3.945404934205604,4.751286315404889e-31,7483.0,312.0,7171.0,1276.0,140.0,1136.0,,,,,,,,,,,,,,,,,,,,,,,,,
share,comparable_22_30_months,mortality,full,mutually_adjusted_components,core,2,PASS_SOURCE_STATUS,25874,18535,17,17,831.0,,,,PASS,,alcohol_loss,risk_ratio,1.626524195362658,0.07450311254749026,1.4055404984488842,1.8822516754371232,6.61241599014092e-11,,,,,,,4387.0,266.0,4121.0,2433.0,243.0,2190.0,3263.0,87.0,3176.0,,,,,,,,,,,,,,,,
share,comparable_22_30_months,mortality,full,mutually_adjusted_components,core,2,PASS_SOURCE_STATUS,25874,18535,17,17,831.0,,,,PASS,,activity_loss,risk_ratio,2.0118729064247205,0.07824158443804219,1.7258425997887759,2.3453080785589817,4.08237387801423e-19,,,,,,,4387.0,266.0,4121.0,2433.0,243.0,2190.0,3263.0,87.0,3176.0,,,,,,,,,,,,,,,,
share,comparable_22_30_months,mortality,full,mutually_adjusted_components,core,2,PASS_SOURCE_STATUS,25874,18535,17,17,831.0,,,,PASS,,work_loss,risk_ratio,1.5128063883260088,0.12173543346924366,1.1916863394370898,1.9204576681151082,0.0006725238983777078,,,,,,,4387.0,266.0,4121.0,2433.0,243.0,2190.0,3263.0,87.0,3176.0,,,,,,,,,,,,,,,,
share,comparable_22_30_months,mortality,full,extended_score_categorical,enrichment,1,PASS_SOURCE_STATUS,34450,30215,15,15,1780.0,,,,PASS,,extended_loss_1,risk_ratio,1.6774717292613894,0.05269109947828761,1.512879940244609,1.8599700661086374,9.47891252874961e-23,,,,,,,,,,,,,,,,9645.0,575.0,9070.0,1963.0,160.0,1803.0,,,,,,,,,,
share,comparable_22_30_months,mortality,full,extended_score_categorical,enrichment,1,PASS_SOURCE_STATUS,34450,30215,15,15,1780.0,,,,PASS,,extended_loss_2plus,risk_ratio,3.161947546701825,0.09053020712799172,2.647861159587032,3.7758446102411938,4.814939195321167e-37,,,,,,,,,,,,,,,,9645.0,575.0,9070.0,1963.0,160.0,1803.0,,,,,,,,,,
share,comparable_22_30_months,mortality,full,work_exit_phenotype,enrichment,1,PASS_SOURCE_STATUS,10577,8231,16,16,180.0,,,,NOT_EVALUABLE_WORK_EXIT_NO_RETIREMENT_EVENTS,,,,,,,,,,,,,,,,,,,,,,,,,,,,,,3049.0,80.0,2969.0,330.0,14.0,316.0,,,,
share,comparable_22_30_months,incident_heart_disease,basic,any_withdrawal,core,2,PASS_BASELINE_FREE_RISK_SET,30552,19129,10,10,1366.0,9085.0,470.0,8615.0,PASS,,any_withdrawal,risk_ratio,1.259471187140077,0.05632109256864019,1.1278403700148787,1.4064647031699251,4.203259256785811e-05,,,,,,,,,,,,,,,,,,,,,,,,,,,,,,,
share,comparable_22_30_months,incident_heart_disease,basic,score_categorical,core,2,PASS_BASELINE_FREE_RISK_SET,30552,19129,11,11,1366.0,,,,PASS,,loss_1,risk_ratio,1.2032592533096502,0.05971746509683824,1.0703544321210547,1.3526667309689344,0.0019451007285992915,7914.0,389.0,7525.0,1171.0,81.0,1090.0,,,,,,,,,,,,,,,,,,,,,,,,,
share,comparable_22_30_months,incident_heart_disease,basic,score_categorical,core,2,PASS_BASELINE_FREE_RISK_SET,30552,19129,11,11,1366.0,,,,PASS,,loss_2plus,risk_ratio,1.6455036564292493,0.11338683142833135,1.317600666277273,2.0550098012414257,1.1207802953221177e-05,7914.0,389.0,7525.0,1171.0,81.0,1090.0,,,,,,,,,,,,,,,,,,,,,,,,,
share,comparable_22_30_months,incident_heart_disease,basic,mutually_adjusted_components,core,2,PASS_BASELINE_FREE_RISK_SET,30552,19129,12,12,1366.0,,,,PASS,,alcohol_loss,risk_ratio,1.1510114496509949,0.07023207610376006,1.0029932082644841,1.32087370713116,0.045228925740789176,,,,,,,4292.0,236.0,4056.0,2183.0,159.0,2024.0,3824.0,157.0,3667.0,,,,,,,,,,,,,,,,
share,comparable_22_30_months,incident_heart_disease,basic,mutually_adjusted_components,core,2,PASS_BASELINE_FREE_RISK_SET,30552,19129,12,12,1366.0,,,,PASS,,activity_loss,risk_ratio,1.4708935712934383,0.08235001754308915,1.2516554301061908,1.7285331458105928,2.789615072997538e-06,,,,,,,4292.0,236.0,4056.0,2183.0,159.0,2024.0,3824.0,157.0,3667.0,,,,,,,,,,,,,,,,
share,comparable_22_30_months,incident_heart_disease,basic,mutually_adjusted_components,core,2,PASS_BASELINE_FREE_RISK_SET,30552,19129,12,12,1366.0,,,,PASS,,work_loss,risk_ratio,1.1259429763150184,0.08859683776769496,0.9464607995217251,1.339461271458631,0.18060844947741816,,,,,,,4292.0,236.0,4056.0,2183.0,159.0,2024.0,3824.0,157.0,3667.0,,,,,,,,,,,,,,,,
share,comparable_22_30_months,incident_heart_disease,full,any_withdrawal,core,2,PASS_BASELINE_FREE_RISK_SET,17606,12787,15,15,802.0,5680.0,296.0,5384.0,PASS,,any_withdrawal,risk_ratio,1.1653190323399092,0.07337862764671661,1.0092176529022059,1.3455654914760107,0.03706873349563475,,,,,,,,,,,,,,,,,,,,,,,,,,,,,,,
share,comparable_22_30_months,incident_heart_disease,full,score_categorical,core,2,PASS_BASELINE_FREE_RISK_SET,17606,12787,16,16,802.0,,,,PASS,,loss_1,risk_ratio,1.1373291253781936,0.07694011694385056,0.9781255753220723,1.3224452688578394,0.09442501110181079,4967.0,248.0,4719.0,713.0,48.0,665.0,,,,,,,,,,,,,,,,,,,,,,,,,
share,comparable_22_30_months,incident_heart_disease,full,score_categorical,core,2,PASS_BASELINE_FREE_RISK_SET,17606,12787,16,16,802.0,,,,PASS,,loss_2plus,risk_ratio,1.3586546051517405,0.1487924526185965,1.0149781659517187,1.818701522873785,0.03940978799097632,4967.0,248.0,4719.0,713.0,48.0,665.0,,,,,,,,,,,,,,,,,,,,,,,,,
share,comparable_22_30_months,incident_heart_disease,full,mutually_adjusted_components,core,2,PASS_BASELINE_FREE_RISK_SET,17606,12787,17,17,802.0,,,,PASS,,alcohol_loss,risk_ratio,1.025460213672503,0.08946677795015315,0.8605271074756086,1.2220052578123601,0.7786989448912098,,,,,,,2766.0,150.0,2616.0,1361.0,110.0,1251.0,2295.0,85.0,2210.0,,,,,,,,,,,,,,,,
share,comparable_22_30_months,incident_heart_disease,full,mutually_adjusted_components,core,2,PASS_BASELINE_FREE_RISK_SET,17606,12787,17,17,802.0,,,,PASS,,activity_loss,risk_ratio,1.4573875034572887,0.10030229619961696,1.1972850839057818,1.773995486776324,0.00017327021913827223,,,,,,,2766.0,150.0,2616.0,1361.0,110.0,1251.0,2295.0,85.0,2210.0,,,,,,,,,,,,,,,,
share,comparable_22_30_months,incident_heart_disease,full,mutually_adjusted_components,core,2,PASS_BASELINE_FREE_RISK_SET,17606,12787,17,17,802.0,,,,PASS,,work_loss,risk_ratio,0.9931686958952264,0.11986625310592133,0.7852224046318736,1.2561843022916026,0.9543965469926625,,,,,,,2766.0,150.0,2616.0,1361.0,110.0,1251.0,2295.0,85.0,2210.0,,,,,,,,,,,,,,,,
share,comparable_22_30_months,incident_hypertension,basic,any_withdrawal,core,2,PASS_BASELINE_FREE_RISK_SET,18376,11713,10,10,1928.0,5220.0,607.0,4613.0,PASS,,any_withdrawal,risk_ratio,1.2121203945330206,0.04704759044680033,1.105347356451274,1.3292073684057821,4.3349013530863714e-05,,,,,,,,,,,,,,,,,,,,,,,,,,,,,,,
share,comparable_22_30_months,incident_hypertension,basic,score_categorical,core,2,PASS_BASELINE_FREE_RISK_SET,18376,11713,11,11,1928.0,,,,PASS,,loss_1,risk_ratio,1.1785661253157707,0.04948311646457486,1.069630675102629,1.2985959958642317,0.0008992232530416441,4603.0,521.0,4082.0,617.0,86.0,531.0,,,,,,,,,,,,,,,,,,,,,,,,,
share,comparable_22_30_months,incident_hypertension,basic,score_categorical,core,2,PASS_BASELINE_FREE_RISK_SET,18376,11713,11,11,1928.0,,,,PASS,,loss_2plus,risk_ratio,1.4775907559856318,0.10375827508535349,1.2056880640826901,1.810812022789051,0.00016807821424699867,4603.0,521.0,4082.0,617.0,86.0,531.0,,,,,,,,,,,,,,,,,,,,,,,,,
share,comparable_22_30_months,incident_hypertension,basic,mutually_adjusted_components,core,2,PASS_BASELINE_FREE_RISK_SET,18376,11713,12,12,1928.0,,,,PASS,,alcohol_loss,risk_ratio,1.159332899229245,0.06100349379711364,1.0286837805046392,1.3065752534524635,0.015369820856761772,,,,,,,2379.0,292.0,2087.0,1167.0,178.0,989.0,2312.0,225.0,2087.0,,,,,,,,,,,,,,,,
share,comparable_22_30_months,incident_hypertension,basic,mutually_adjusted_components,core,2,PASS_BASELINE_FREE_RISK_SET,18376,11713,12,12,1928.0,,,,PASS,,activity_loss,risk_ratio,1.382498532423739,0.07475059705693037,1.194089433771277,1.6006357129527153,1.471084946807875e-05,,,,,,,2379.0,292.0,2087.0,1167.0,178.0,989.0,2312.0,225.0,2087.0,,,,,,,,,,,,,,,,
share,comparable_22_30_months,incident_hypertension,basic,mutually_adjusted_components,core,2,PASS_BASELINE_FREE_RISK_SET,18376,11713,12,12,1928.0,,,,PASS,,work_loss,risk_ratio,1.0763254851590205,0.07016801860555266,0.9380295025717406,1.235010782525148,0.2945281265238394,,,,,,,2379.0,292.0,2087.0,1167.0,178.0,989.0,2312.0,225.0,2087.0,,,,,,,,,,,,,,,,
share,comparable_22_30_months,incident_hypertension,full,any_withdrawal,core,2,PASS_BASELINE_FREE_RISK_SET,10633,7838,15,15,1106.0,3307.0,367.0,2940.0,PASS,,any_withdrawal,risk_ratio,1.0373647916908713,0.06191776879146783,0.9188127297876376,1.1712133236209805,0.5535443060395497,,,,,,,,,,,,,,,,,,,,,,,,,,,,,,,
share,comparable_22_30_months,incident_hypertension,full,score_categorical,core,2,PASS_BASELINE_FREE_RISK_SET,10633,7838,16,16,1106.0,,,,PASS,,loss_1,risk_ratio,1.0273422638108618,0.06470638248314889,0.9049758342069717,1.1662544867144427,0.6767622905196221,2925.0,317.0,2608.0,382.0,50.0,332.0,,,,,,,,,,,,,,,,,,,,,,,,,
share,comparable_22_30_months,incident_hypertension,full,score_categorical,core,2,PASS_BASELINE_FREE_RISK_SET,10633,7838,16,16,1106.0,,,,PASS,,loss_2plus,risk_ratio,1.1115446003960139,0.1369691598968582,0.8498426702432086,1.453835447349271,0.44006950740471407,2925.0,317.0,2608.0,382.0,50.0,332.0,,,,,,,,,,,,,,,,,,,,,,,,,
share,comparable_22_30_months,incident_hypertension,full,mutually_adjusted_components,core,2,PASS_BASELINE_FREE_RISK_SET,10633,7838,17,17,1106.0,,,,PASS,,alcohol_loss,risk_ratio,0.976263644971465,0.07851658919946841,0.8370158365834208,1.1386770271675515,0.7596383465721961,,,,,,,1550.0,179.0,1371.0,743.0,109.0,634.0,1412.0,131.0,1281.0,,,,,,,,,,,,,,,,
share,comparable_22_30_months,incident_hypertension,full,mutually_adjusted_components,core,2,PASS_BASELINE_FREE_RISK_SET,10633,7838,17,17,1106.0,,,,PASS,,activity_loss,risk_ratio,1.2344520109080142,0.0963567967067941,1.022010028682253,1.491053633984073,0.028822289019596506,,,,,,,1550.0,179.0,1371.0,743.0,109.0,634.0,1412.0,131.0,1281.0,,,,,,,,,,,,,,,,
share,comparable_22_30_months,incident_hypertension,full,mutually_adjusted_components,core,2,PASS_BASELINE_FREE_RISK_SET,10633,7838,17,17,1106.0,,,,PASS,,work_loss,risk_ratio,0.9567665697774638,0.09313207236834052,0.7971349088746749,1.1483655512415323,0.6351076669708839,,,,,,,1550.0,179.0,1371.0,743.0,109.0,634.0,1412.0,131.0,1281.0,,,,,,,,,,,,,,,,
share,comparable_22_30_months,incident_any_iadl,basic,any_withdrawal,core,2,PASS_STRICT_COMPLETE_ITEM_COUNTS,35530,22161,10,10,1341.0,10638.0,590.0,10048.0,PASS,,any_withdrawal,risk_ratio,1.8392450442341173,0.053899145942777685,1.6548573314181014,2.0441776269866776,1.2329202964910372e-29,,,,,,,,,,,,,,,,,,,,,,,,,,,,,,,
share,comparable_22_30_months,incident_any_iadl,basic,score_categorical,core,2,PASS_STRICT_COMPLETE_ITEM_COUNTS,35530,22161,11,11,1341.0,,,,PASS,,loss_1,risk_ratio,1.5586965608788916,0.059079158511647606,1.388267978020002,1.7500475465556549,5.787567397290242e-14,9295.0,431.0,8864.0,1343.0,159.0,1184.0,,,,,,,,,,,,,,,,,,,,,,,,,
share,comparable_22_30_months,incident_any_iadl,basic,score_categorical,core,2,PASS_STRICT_COMPLETE_ITEM_COUNTS,35530,22161,11,11,1341.0,,,,PASS,,loss_2plus,risk_ratio,3.775474745606384,0.08272306460489287,3.2103883396313555,4.440026578326155,4.8714734577230676e-58,9295.0,431.0,8864.0,1343.0,159.0,1184.0,,,,,,,,,,,,,,,,,,,,,,,,,
share,comparable_22_30_months,incident_any_iadl,basic,mutually_adjusted_components,core,2,PASS_STRICT_COMPLETE_ITEM_COUNTS,35530,22161,12,12,1341.0,,,,PASS,,alcohol_loss,risk_ratio,1.5092769184411399,0.061639056026263996,1.3375242685367632,1.7030844748942005,2.420894838699507e-11,,,,,,,5062.0,342.0,4720.0,2533.0,291.0,2242.0,4441.0,121.0,4320.0,,,,,,,,,,,,,,,,
share,comparable_22_30_months,incident_any_iadl,basic,mutually_adjusted_components,core,2,PASS_STRICT_COMPLETE_ITEM_COUNTS,35530,22161,12,12,1341.0,,,,PASS,,activity_loss,risk_ratio,2.429996953964512,0.06420630494765832,2.1426598087604933,2.7558668772961776,1.7107427688483445e-43,,,,,,,5062.0,342.0,4720.0,2533.0,291.0,2242.0,4441.0,121.0,4320.0,,,,,,,,,,,,,,,,
share,comparable_22_30_months,incident_any_iadl,basic,mutually_adjusted_components,core,2,PASS_STRICT_COMPLETE_ITEM_COUNTS,35530,22161,12,12,1341.0,,,,PASS,,work_loss,risk_ratio,1.4046299678353826,0.09800693413132588,1.1591463614085848,1.702102005603221,0.0005266244409520834,,,,,,,5062.0,342.0,4720.0,2533.0,291.0,2242.0,4441.0,121.0,4320.0,,,,,,,,,,,,,,,,
share,comparable_22_30_months,incident_any_iadl,full,any_withdrawal,core,2,PASS_STRICT_COMPLETE_ITEM_COUNTS,20530,14850,15,15,842.0,6653.0,362.0,6291.0,PASS,,any_withdrawal,risk_ratio,1.437445276198421,0.06789837057954146,1.2583345529803898,1.6420505319282575,9.078069417614761e-08,,,,,,,,,,,,,,,,,,,,,,,,,,,,,,,
share,comparable_22_30_months,incident_any_iadl,full,score_categorical,core,2,PASS_STRICT_COMPLETE_ITEM_COUNTS,20530,14850,16,16,842.0,,,,PASS,,loss_1,risk_ratio,1.257495953145396,0.07435247605645653,1.0869702399135885,1.4547740261065076,0.002059116349060715,5822.0,268.0,5554.0,831.0,94.0,737.0,,,,,,,,,,,,,,,,,,,,,,,,,
share,comparable_22_30_months,incident_any_iadl,full,score_categorical,core,2,PASS_STRICT_COMPLETE_ITEM_COUNTS,20530,14850,16,16,842.0,,,,PASS,,loss_2plus,risk_ratio,2.625159534117027,0.1075165937826322,2.1263630191792227,3.2409623932538265,2.7906920260372887e-19,5822.0,268.0,5554.0,831.0,94.0,737.0,,,,,,,,,,,,,,,,,,,,,,,,,
share,comparable_22_30_months,incident_any_iadl,full,mutually_adjusted_components,core,2,PASS_STRICT_COMPLETE_ITEM_COUNTS,20530,14850,17,17,842.0,,,,PASS,,alcohol_loss,risk_ratio,1.2438834758785555,0.07772591971205912,1.0681181029610456,1.4485721169545098,0.004988222390928936,,,,,,,3282.0,219.0,3063.0,1590.0,181.0,1409.0,2647.0,60.0,2587.0,,,,,,,,,,,,,,,,
share,comparable_22_30_months,incident_any_iadl,full,mutually_adjusted_components,core,2,PASS_STRICT_COMPLETE_ITEM_COUNTS,20530,14850,17,17,842.0,,,,PASS,,activity_loss,risk_ratio,2.004851334277617,0.08067284398608283,1.7116435371764696,2.348286185326413,6.573311271763908e-18,,,,,,,3282.0,219.0,3063.0,1590.0,181.0,1409.0,2647.0,60.0,2587.0,,,,,,,,,,,,,,,,
share,comparable_22_30_months,incident_any_iadl,full,mutually_adjusted_components,core,2,PASS_STRICT_COMPLETE_ITEM_COUNTS,20530,14850,17,17,842.0,,,,PASS,,work_loss,risk_ratio,1.1165023331246833,0.13543529469236018,0.8562033112844452,1.4559362752320952,0.41582875407819087,,,,,,,3282.0,219.0,3063.0,1590.0,181.0,1409.0,2647.0,60.0,2587.0,,,,,,,,,,,,,,,,
share,comparable_22_30_months,iadl_count_increase,basic,any_withdrawal,core,2,PASS_STRICT_COMPLETE_ITEM_COUNTS,36846,22851,11,11,1587.0,11379.0,748.0,10631.0,PASS,,any_withdrawal,risk_ratio,1.8110957506548626,0.0506602900058986,1.639907282782293,2.000154430971905,9.623426293052887e-32,,,,,,,,,,,,,,,,,,,,,,,,,,,,,,,
share,comparable_22_30_months,iadl_count_increase,basic,score_categorical,core,2,PASS_STRICT_COMPLETE_ITEM_COUNTS,36846,22851,12,12,1587.0,,,,PASS,,loss_1,risk_ratio,1.618561646050899,0.0536700641361248,1.4569518645396693,1.7980977037252461,2.906828833861857e-19,9812.0,546.0,9266.0,1567.0,202.0,1365.0,,,,,,,,,,,,,,,,,,,,,,,,,
share,comparable_22_30_months,iadl_count_increase,basic,score_categorical,core,2,PASS_STRICT_COMPLETE_ITEM_COUNTS,36846,22851,12,12,1587.0,,,,PASS,,loss_2plus,risk_ratio,3.0118001173751066,0.08328314923460803,2.5582053375370566,3.545821679722498,5.263933208572224e-40,9812.0,546.0,9266.0,1567.0,202.0,1365.0,,,,,,,,,,,,,,,,,,,,,,,,,
share,comparable_22_30_months,iadl_count_increase,basic,mutually_adjusted_components,core,2,PASS_STRICT_COMPLETE_ITEM_COUNTS,36846,22851,13,13,1587.0,,,,PASS,,alcohol_loss,risk_ratio,1.426996293209708,0.05739220579672168,1.2751771173432689,1.5968906539640206,5.811102874514734e-10,,,,,,,5470.0,422.0,5048.0,2985.0,393.0,2592.0,4549.0,140.0,4409.0,,,,,,,,,,,,,,,,
share,comparable_22_30_months,iadl_count_increase,basic,mutually_adjusted_components,core,2,PASS_STRICT_COMPLETE_ITEM_COUNTS,36846,22851,13,13,1587.0,,,,PASS,,activity_loss,risk_ratio,2.191282264376149,0.06254200597568982,1.938485120073831,2.477046592953255,4.3227233786550437e-36,,,,,,,5470.0,422.0,5048.0,2985.0,393.0,2592.0,4549.0,140.0,4409.0,,,,,,,,,,,,,,,,
share,comparable_22_30_months,iadl_count_increase,basic,mutually_adjusted_components,core,2,PASS_STRICT_COMPLETE_ITEM_COUNTS,36846,22851,13,13,1587.0,,,,PASS,,work_loss,risk_ratio,1.4453604100751132,0.09000704864505371,1.2116076759123489,1.724210531630561,4.2664779938425825e-05,,,,,,,5470.0,422.0,5048.0,2985.0,393.0,2592.0,4549.0,140.0,4409.0,,,,,,,,,,,,,,,,
share,comparable_22_30_months,iadl_count_increase,full,any_withdrawal,core,2,PASS_STRICT_COMPLETE_ITEM_COUNTS,21325,15365,16,16,986.0,7121.0,465.0,6656.0,PASS,,any_withdrawal,risk_ratio,1.5014221535987324,0.06356739905072215,1.325544009802493,1.7006364682323472,1.6222121333519641e-10,,,,,,,,,,,,,,,,,,,,,,,,,,,,,,,
share,comparable_22_30_months,iadl_count_increase,full,score_categorical,core,2,PASS_STRICT_COMPLETE_ITEM_COUNTS,21325,15365,17,17,986.0,,,,PASS,,loss_1,risk_ratio,1.3652916263744734,0.06776031827794525,1.1954949313197196,1.5592046241388426,4.324617972163971e-06,6159.0,344.0,5815.0,962.0,121.0,841.0,,,,,,,,,,,,,,,,,,,,,,,,,
share,comparable_22_30_months,iadl_count_increase,full,score_categorical,core,2,PASS_STRICT_COMPLETE_ITEM_COUNTS,21325,15365,17,17,986.0,,,,PASS,,loss_2plus,risk_ratio,2.3439539197840396,0.10400107078145483,1.9117152192729627,2.8739217654815823,2.5976013659739736e-16,6159.0,344.0,5815.0,962.0,121.0,841.0,,,,,,,,,,,,,,,,,,,,,,,,,
share,comparable_22_30_months,iadl_count_increase,full,mutually_adjusted_components,core,2,PASS_STRICT_COMPLETE_ITEM_COUNTS,21325,15365,18,18,986.0,,,,PASS,,alcohol_loss,risk_ratio,1.2501206132748823,0.07153148886570294,1.0865862439555705,1.4382673776962243,0.001803213864009643,,,,,,,3533.0,268.0,3265.0,1876.0,249.0,1627.0,2711.0,73.0,2638.0,,,,,,,,,,,,,,,,
share,comparable_22_30_months,iadl_count_increase,full,mutually_adjusted_components,core,2,PASS_STRICT_COMPLETE_ITEM_COUNTS,21325,15365,18,18,986.0,,,,PASS,,activity_loss,risk_ratio,1.9128867302935293,0.07724834970844109,1.6441269188498047,2.2255797900887853,4.6009983220023465e-17,,,,,,,3533.0,268.0,3265.0,1876.0,249.0,1627.0,2711.0,73.0,2638.0,,,,,,,,,,,,,,,,
share,comparable_22_30_months,iadl_count_increase,full,mutually_adjusted_components,core,2,PASS_STRICT_COMPLETE_ITEM_COUNTS,21325,15365,18,18,986.0,,,,PASS,,work_loss,risk_ratio,1.2096354287364128,0.12349764208433711,0.9495834017732284,1.5409050618639168,0.12329875647500266,,,,,,,3533.0,268.0,3265.0,1876.0,249.0,1627.0,2711.0,73.0,2638.0,,,,,,,,,,,,,,,,
share,comparable_22_30_months,word_recall_change,basic,any_withdrawal,core,2,PASS_BASELINE_ADJUSTED_CHANGE_CANDIDATE,35847,22228,11,11,,10909.0,,,PASS,,any_withdrawal,mean_difference,-0.358411232686525,0.03236278514833436,-0.4218411260166681,-0.29498133935638193,1.6625898303309928e-28,,,,,,,,,,,,,,,,,,,,,,,,,,,,-0.11729900528007782,0.010591527719536274,-0.13805801815162658,-0.09653999240852906
share,comparable_22_30_months,word_recall_change,basic,score_categorical,core,2,PASS_BASELINE_ADJUSTED_CHANGE_CANDIDATE,35847,22228,12,12,,,,,PASS,,loss_1,mean_difference,-0.31304269793649087,0.03374503755772746,-0.37918175620658817,-0.24690363966639356,1.7480355954175175e-20,9488.0,,,1421.0,,,,,,,,,,,,,,,,,,,,,,,,-0.10245102198082635,0.011043904257661157,-0.1240966765745508,-0.08080536738710192
share,comparable_22_30_months,word_recall_change,basic,score_categorical,core,2,PASS_BASELINE_ADJUSTED_CHANGE_CANDIDATE,35847,22228,12,12,,,,,PASS,,loss_2plus,mean_difference,-0.6800214960890693,0.07648926300817116,-0.8299376967890966,-0.5301052953890419,6.087962500483487e-19,9488.0,,,1421.0,,,,,,,,,,,,,,,,,,,,,,,,-0.22255397651022632,0.02503301695712186,-0.2716177881705656,-0.17349016484988702
share,comparable_22_30_months,word_recall_change,basic,mutually_adjusted_components,core,2,PASS_BASELINE_ADJUSTED_CHANGE_CANDIDATE,35847,22228,13,13,,,,,PASS,,alcohol_loss,mean_difference,-0.36613292142264564,0.04243466799470679,-0.4493033423881855,-0.2829625004571058,6.234917990915221e-18,,,,,,,5174.0,,,2780.0,,,4431.0,,,,,,,,,,,,,,,-0.11982612029553136,0.013887802309820294,-0.1470457126471913,-0.0926065279438714
share,comparable_22_30_months,word_recall_change,basic,mutually_adjusted_components,core,2,PASS_BASELINE_ADJUSTED_CHANGE_CANDIDATE,35847,22228,13,13,,,,,PASS,,activity_loss,mean_difference,-0.3734452386723868,0.05591163195933887,-0.48303002362954967,-0.263860453715224,2.402422930462547e-11,,,,,,,5174.0,,,2780.0,,,4431.0,,,,,,,,,,,,,,,-0.12221925829307058,0.018298474529542356,-0.15808360934299712,-0.08635490724314404
share,comparable_22_30_months,word_recall_change,basic,mutually_adjusted_components,core,2,PASS_BASELINE_ADJUSTED_CHANGE_CANDIDATE,35847,22228,13,13,,,,,PASS,,work_loss,mean_difference,-0.22508271967558066,0.046161046748525905,-0.3155567087913612,-0.1346087305598001,1.0824131167765002e-06,,,,,,,5174.0,,,2780.0,,,4431.0,,,,,,,,,,,,,,,-0.0736639276782154,0.015107352595238096,-0.1032737946666298,-0.04405406068980101
share,comparable_22_30_months,word_recall_change,full,any_withdrawal,core,2,PASS_BASELINE_ADJUSTED_CHANGE_CANDIDATE,20775,14954,16,16,,6870.0,,,PASS,,any_withdrawal,mean_difference,-0.22231015227316367,0.041239723558671657,-0.3031385251805481,-0.14148177936577921,7.0191575183948e-08,,,,,,,,,,,,,,,,,,,,,,,,,,,,-0.0728756628696136,0.013518825659410124,-0.09937207427533339,-0.046379251463893795
share,comparable_22_30_months,word_recall_change,full,score_categorical,core,2,PASS_BASELINE_ADJUSTED_CHANGE_CANDIDATE,20775,14954,17,17,,,,,PASS,,loss_1,mean_difference,-0.20061217579690774,0.04289991996110491,-0.2846944738603243,-0.11652987773349115,2.921210944667119e-06,5970.0,,,900.0,,,,,,,,,,,,,,,,,,,,,,,,-0.06576283242769357,0.01406305592547736,-0.09332591555420179,-0.03819974930118535
share,comparable_22_30_months,word_recall_change,full,score_categorical,core,2,PASS_BASELINE_ADJUSTED_CHANGE_CANDIDATE,20775,14954,17,17,,,,,PASS,,loss_2plus,mean_difference,-0.38180122548953827,0.09598918164486325,-0.5699365644189435,-0.19366588656013306,6.96306435535794e-05,5970.0,,,900.0,,,,,,,,,,,,,,,,,,,,,,,,-0.1251585548724385,0.0314662878377489,-0.18683134576159707,-0.06348576398327992
share,comparable_22_30_months,word_recall_change,full,mutually_adjusted_components,core,2,PASS_BASELINE_ADJUSTED_CHANGE_CANDIDATE,20775,14954,18,18,,,,,PASS,,alcohol_loss,mean_difference,-0.18039775290604088,0.05272780325358479,-0.28374234826698097,-0.07705315754510081,0.0006232202438962169,,,,,,,3383.0,,,1766.0,,,2656.0,,,,,,,,,,,,,,,-0.059136326833434914,0.017284741944857275,-0.09301379852742399,-0.02525885513944585
share,comparable_22_30_months,word_recall_change,full,mutually_adjusted_components,core,2,PASS_BASELINE_ADJUSTED_CHANGE_CANDIDATE,20775,14954,18,18,,,,,PASS,,activity_loss,mean_difference,-0.29461030539560007,0.06961450446374574,-0.43105222694614453,-0.15816838384505558,2.315969224482637e-05,,,,,,,3383.0,,,1766.0,,,2656.0,,,,,,,,,,,,,,,-0.09657643195503947,0.022820384522527094,-0.14130356373254785,-0.05184930017753108
share,comparable_22_30_months,word_recall_change,full,mutually_adjusted_components,core,2,PASS_BASELINE_ADJUSTED_CHANGE_CANDIDATE,20775,14954,18,18,,,,,PASS,,work_loss,mean_difference,-0.11985823361298209,0.060062692292197746,-0.23757894732020118,-0.0021375199057629968,0.045982694379539134,,,,,,,3383.0,,,1766.0,,,2656.0,,,,,,,,,,,,,,,-0.039290820214968165,0.019689197590711773,-0.07788093837725606,-0.0007007020526802844
share,all_primary_wave_intervals,incident_diabetes,basic,any_withdrawal,core,2,PASS_BASELINE_FREE_RISK_SET,39938,21479,12,12,1052.0,11711.0,392.0,11319.0,PASS,,any_withdrawal,risk_ratio,1.568518928893489,0.06382204552229397,1.384090030587858,1.7775228315547127,1.7520089251028902e-12,,,,,,,,,,,,,,,,,,,,,,,,,,,,,,,
share,all_primary_wave_intervals,incident_diabetes,basic,score_categorical,core,2,PASS_BASELINE_FREE_RISK_SET,39938,21479,13,13,1052.0,,,,PASS,,loss_1,risk_ratio,1.4299031396372204,0.06853376677706902,1.250174314073242,1.635470322600625,1.8090090284861065e-07,10200.0,312.0,9888.0,1511.0,80.0,1431.0,,,,,,,,,,,,,,,,,,,,,,,,,
share,all_primary_wave_intervals,incident_diabetes,basic,score_categorical,core,2,PASS_BASELINE_FREE_RISK_SET,39938,21479,13,13,1052.0,,,,PASS,,loss_2plus,risk_ratio,2.5940826830192205,0.11695303067259312,2.062686443734773,3.262379013921259,3.622360340082024e-16,10200.0,312.0,9888.0,1511.0,80.0,1431.0,,,,,,,,,,,,,,,,,,,,,,,,,
share,all_primary_wave_intervals,incident_diabetes,basic,mutually_adjusted_components,core,2,PASS_BASELINE_FREE_RISK_SET,39938,21479,14,14,1052.0,,,,PASS,,alcohol_loss,risk_ratio,1.465533697822861,0.07773158465046505,1.2584343495607002,1.7067151895560615,8.780395793174192e-07,,,,,,,5684.0,208.0,5476.0,2860.0,135.0,2725.0,4740.0,130.0,4610.0,,,,,,,,,,,,,,,,
share,all_primary_wave_intervals,incident_diabetes,basic,mutually_adjusted_components,core,2,PASS_BASELINE_FREE_RISK_SET,39938,21479,14,14,1052.0,,,,PASS,,activity_loss,risk_ratio,1.7921209539601397,0.09175924734820401,1.4971375557932218,2.1452254010964023,2.044770160610076e-10,,,,,,,5684.0,208.0,5476.0,2860.0,135.0,2725.0,4740.0,130.0,4610.0,,,,,,,,,,,,,,,,
share,all_primary_wave_intervals,incident_diabetes,basic,mutually_adjusted_components,core,2,PASS_BASELINE_FREE_RISK_SET,39938,21479,14,14,1052.0,,,,PASS,,work_loss,risk_ratio,1.2935108276856668,0.09729171390266006,1.0689446338250712,1.5652543718310734,0.00816325975293706,,,,,,,5684.0,208.0,5476.0,2860.0,135.0,2725.0,4740.0,130.0,4610.0,,,,,,,,,,,,,,,,
share,all_primary_wave_intervals,incident_diabetes,full,any_withdrawal,core,2,PASS_BASELINE_FREE_RISK_SET,25131,15010,17,17,709.0,7826.0,265.0,7561.0,PASS,,any_withdrawal,risk_ratio,1.2839658813401735,0.07897410528131947,1.0998427672094522,1.4989127842595504,0.0015507897237021487,,,,,,,,,,,,,,,,,,,,,,,,,,,,,,,
share,all_primary_wave_intervals,incident_diabetes,full,score_categorical,core,2,PASS_BASELINE_FREE_RISK_SET,25131,15010,18,18,709.0,,,,PASS,,loss_1,risk_ratio,1.181540068991406,0.08450004942039241,1.0012023994790509,1.3943603564659925,0.04836071007362107,6829.0,209.0,6620.0,997.0,56.0,941.0,,,,,,,,,,,,,,,,,,,,,,,,,
share,all_primary_wave_intervals,incident_diabetes,full,score_categorical,core,2,PASS_BASELINE_FREE_RISK_SET,25131,15010,18,18,709.0,,,,PASS,,loss_2plus,risk_ratio,1.999668312140213,0.14297310246545383,1.5109811246992164,2.6464085442322682,1.2538353613848581e-06,6829.0,209.0,6620.0,997.0,56.0,941.0,,,,,,,,,,,,,,,,,,,,,,,,,
share,all_primary_wave_intervals,incident_diabetes,full,mutually_adjusted_components,core,2,PASS_BASELINE_FREE_RISK_SET,25131,15010,19,19,709.0,,,,PASS,,alcohol_loss,risk_ratio,1.1798339407981433,0.09468533143496084,0.9799966369182411,1.420421331481986,0.08071352951897633,,,,,,,3941.0,141.0,3800.0,1917.0,98.0,1819.0,3004.0,83.0,2921.0,,,,,,,,,,,,,,,,
share,all_primary_wave_intervals,incident_diabetes,full,mutually_adjusted_components,core,2,PASS_BASELINE_FREE_RISK_SET,25131,15010,19,19,709.0,,,,PASS,,activity_loss,risk_ratio,1.712535309774663,0.1097022327812816,1.3812135330356592,2.123333660639194,9.392559350503135e-07,,,,,,,3941.0,141.0,3800.0,1917.0,98.0,1819.0,3004.0,83.0,2921.0,,,,,,,,,,,,,,,,
share,all_primary_wave_intervals,incident_diabetes,full,mutually_adjusted_components,core,2,PASS_BASELINE_FREE_RISK_SET,25131,15010,19,19,709.0,,,,PASS,,work_loss,risk_ratio,1.0644290096109463,0.12042557621707299,0.8406404156612212,1.3477928200848528,0.6041218965132034,,,,,,,3941.0,141.0,3800.0,1917.0,98.0,1819.0,3004.0,83.0,2921.0,,,,,,,,,,,,,,,,
share,all_primary_wave_intervals,incident_diabetes,full,extended_score_categorical,enrichment,1,PASS_BASELINE_FREE_RISK_SET,27210,20232,16,16,913.0,,,,PASS,,extended_loss_1,risk_ratio,1.3315880484227238,0.07586175193349573,1.1476150848520914,1.545053523700209,0.0001600572723175267,,,,,,,,,,,,,,,,7509.0,272.0,7237.0,1453.0,64.0,1389.0,,,,,,,,,,
share,all_primary_wave_intervals,incident_diabetes,full,extended_score_categorical,enrichment,1,PASS_BASELINE_FREE_RISK_SET,27210,20232,16,16,913.0,,,,PASS,,extended_loss_2plus,risk_ratio,1.8732266336961745,0.1394443369550735,1.4252632567453503,2.4619858854718557,6.7580995254359564e-06,,,,,,,,,,,,,,,,7509.0,272.0,7237.0,1453.0,64.0,1389.0,,,,,,,,,,
share,all_primary_wave_intervals,incident_diabetes,full,work_exit_phenotype,enrichment,1,PASS_BASELINE_FREE_RISK_SET,10216,6875,18,18,281.0,,,,NOT_EVALUABLE_WORK_EXIT_NO_RETIREMENT_EVENTS,,,,,,,,,,,,,,,,,,,,,,,,,,,,,,2774.0,81.0,2693.0,314.0,12.0,302.0,,,,
share,all_primary_wave_intervals,incident_stroke,basic,any_withdrawal,core,2,PASS_BASELINE_FREE_RISK_SET,43477,23393,12,12,859.0,12959.0,305.0,12654.0,PASS,,any_withdrawal,risk_ratio,1.3426033546775737,0.0717312205865037,1.1665141261275869,1.5452738441971667,4.005796016848737e-05,,,,,,,,,,,,,,,,,,,,,,,,,,,,,,,
share,all_primary_wave_intervals,incident_stroke,basic,score_categorical,core,2,PASS_BASELINE_FREE_RISK_SET,43477,23393,13,13,859.0,,,,PASS,,loss_1,risk_ratio,1.265353609757048,0.07651787294835645,1.0891301404647171,1.4700903943784123,0.002099575420406803,11248.0,247.0,11001.0,1711.0,58.0,1653.0,,,,,,,,,,,,,,,,,,,,,,,,,
share,all_primary_wave_intervals,incident_stroke,basic,score_categorical,core,2,PASS_BASELINE_FREE_RISK_SET,43477,23393,13,13,859.0,,,,PASS,,loss_2plus,risk_ratio,1.8489260830811156,0.13767080643797536,1.4116724730452292,2.4216153009793433,8.032769176412552e-06,11248.0,247.0,11001.0,1711.0,58.0,1653.0,,,,,,,,,,,,,,,,,,,,,,,,,
share,all_primary_wave_intervals,incident_stroke,basic,mutually_adjusted_components,core,2,PASS_BASELINE_FREE_RISK_SET,43477,23393,14,14,859.0,,,,PASS,,alcohol_loss,risk_ratio,1.2488250229888498,0.08679063968982949,1.0534775031650732,1.48039605341124,0.010460593314646691,,,,,,,6327.0,165.0,6162.0,3203.0,105.0,3098.0,5205.0,95.0,5110.0,,,,,,,,,,,,,,,,
share,all_primary_wave_intervals,incident_stroke,basic,mutually_adjusted_components,core,2,PASS_BASELINE_FREE_RISK_SET,43477,23393,14,14,859.0,,,,PASS,,activity_loss,risk_ratio,1.3919374531764583,0.10403103990662474,1.1351894307524486,1.706754679940175,0.0014787256760829567,,,,,,,6327.0,165.0,6162.0,3203.0,105.0,3098.0,5205.0,95.0,5110.0,,,,,,,,,,,,,,,,
share,all_primary_wave_intervals,incident_stroke,basic,mutually_adjusted_components,core,2,PASS_BASELINE_FREE_RISK_SET,43477,23393,14,14,859.0,,,,PASS,,work_loss,risk_ratio,1.3437713928946269,0.11803001166101601,1.0662475916495564,1.6935293176778887,0.012299523971918655,,,,,,,6327.0,165.0,6162.0,3203.0,105.0,3098.0,5205.0,95.0,5110.0,,,,,,,,,,,,,,,,
share,all_primary_wave_intervals,incident_stroke,full,any_withdrawal,core,2,PASS_BASELINE_FREE_RISK_SET,27237,16259,17,17,565.0,8597.0,203.0,8394.0,PASS,,any_withdrawal,risk_ratio,1.216967222030865,0.0885590269615098,1.0230510386461533,1.447639622611011,0.026602636655415835,,,,,,,,,,,,,,,,,,,,,,,,,,,,,,,
share,all_primary_wave_intervals,incident_stroke,full,score_categorical,core,2,PASS_BASELINE_FREE_RISK_SET,27237,16259,18,18,565.0,,,,PASS,,loss_1,risk_ratio,1.1650341077068183,0.09375762934531472,0.969464702211529,1.4000555863704562,0.10326970769153959,7489.0,166.0,7323.0,1108.0,37.0,1071.0,,,,,,,,,,,,,,,,,,,,,,,,,
share,all_primary_wave_intervals,incident_stroke,full,score_categorical,core,2,PASS_BASELINE_FREE_RISK_SET,27237,16259,18,18,565.0,,,,PASS,,loss_2plus,risk_ratio,1.5640364196151584,0.1742154725665294,1.1116149593295062,2.200591042205915,0.010248279029699658,7489.0,166.0,7323.0,1108.0,37.0,1071.0,,,,,,,,,,,,,,,,,,,,,,,,,
share,all_primary_wave_intervals,incident_stroke,full,mutually_adjusted_components,core,2,PASS_BASELINE_FREE_RISK_SET,27237,16259,19,19,565.0,,,,PASS,,alcohol_loss,risk_ratio,1.1992284200091934,0.10581883044667255,0.9746052810568682,1.4756218043454563,0.08600087009238766,,,,,,,4356.0,115.0,4241.0,2116.0,70.0,2046.0,3274.0,57.0,3217.0,,,,,,,,,,,,,,,,
share,all_primary_wave_intervals,incident_stroke,full,mutually_adjusted_components,core,2,PASS_BASELINE_FREE_RISK_SET,27237,16259,19,19,565.0,,,,PASS,,activity_loss,risk_ratio,1.2462662968509388,0.12894051227686204,0.9679579417145252,1.6045941830028638,0.0877490437669883,,,,,,,4356.0,115.0,4241.0,2116.0,70.0,2046.0,3274.0,57.0,3217.0,,,,,,,,,,,,,,,,
share,all_primary_wave_intervals,incident_stroke,full,mutually_adjusted_components,core,2,PASS_BASELINE_FREE_RISK_SET,27237,16259,19,19,565.0,,,,PASS,,work_loss,risk_ratio,1.200021162144042,0.1520742446545249,0.8907238334947131,1.6167197232654769,0.23052239100344096,,,,,,,4356.0,115.0,4241.0,2116.0,70.0,2046.0,3274.0,57.0,3217.0,,,,,,,,,,,,,,,,
share,all_primary_wave_intervals,incident_stroke,full,extended_score_categorical,enrichment,1,PASS_BASELINE_FREE_RISK_SET,30501,22642,16,16,695.0,,,,PASS,,extended_loss_1,risk_ratio,1.2514982060838205,0.08637494235845569,1.056593043937415,1.482356682942344,0.009396057843415703,,,,,,,,,,,,,,,,8479.0,213.0,8266.0,1641.0,43.0,1598.0,,,,,,,,,,
share,all_primary_wave_intervals,incident_stroke,full,extended_score_categorical,enrichment,1,PASS_BASELINE_FREE_RISK_SET,30501,22642,16,16,695.0,,,,PASS,,extended_loss_2plus,risk_ratio,1.3849610601810285,0.1696985017138125,0.9930930357464506,1.9314576471438258,0.054968973502870846,,,,,,,,,,,,,,,,8479.0,213.0,8266.0,1641.0,43.0,1598.0,,,,,,,,,,
share,all_primary_wave_intervals,incident_stroke,full,work_exit_phenotype,enrichment,1,PASS_BASELINE_FREE_RISK_SET,11120,7449,18,18,150.0,,,,NOT_EVALUABLE_EPV,,,,,,,,,,,,,,,,,,,,,,,,,,,,,,,,,,,,,,,
share,all_primary_wave_intervals,incident_any_adl,basic,any_withdrawal,core,2,PASS_STRICT_COMPLETE_ITEM_COUNTS,42882,23330,12,12,2439.0,12587.0,940.0,11647.0,PASS,,any_withdrawal,risk_ratio,1.542287820490499,0.040461398825065026,1.4247039350777644,1.6695761573112384,9.32011589010943e-27,,,,,,,,,,,,,,,,,,,,,,,,,,,,,,,
share,all_primary_wave_intervals,incident_any_adl,basic,score_categorical,core,2,PASS_STRICT_COMPLETE_ITEM_COUNTS,42882,23330,13,13,2439.0,,,,PASS,,loss_1,risk_ratio,1.4243946868736892,0.043183902520808726,1.3087965471483642,1.5502029161175659,2.5769246669263587e-16,11028.0,753.0,10275.0,1559.0,187.0,1372.0,,,,,,,,,,,,,,,,,,,,,,,,,
share,all_primary_wave_intervals,incident_any_adl,basic,score_categorical,core,2,PASS_STRICT_COMPLETE_ITEM_COUNTS,42882,23330,13,13,2439.0,,,,PASS,,loss_2plus,risk_ratio,2.3759859743387493,0.0738024105262921,2.056000173177303,2.7457727990023955,9.370539068065496e-32,11028.0,753.0,10275.0,1559.0,187.0,1372.0,,,,,,,,,,,,,,,,,,,,,,,,,
share,all_primary_wave_intervals,incident_any_adl,basic,mutually_adjusted_components,core,2,PASS_STRICT_COMPLETE_ITEM_COUNTS,42882,23330,14,14,2439.0,,,,PASS,,alcohol_loss,risk_ratio,1.2462118420015533,0.04871751204330331,1.1327223045843853,1.3710721055455355,6.2410125432376956e-06,,,,,,,6185.0,505.0,5680.0,2866.0,396.0,2470.0,5158.0,228.0,4930.0,,,,,,,,,,,,,,,,
share,all_primary_wave_intervals,incident_any_adl,basic,mutually_adjusted_components,core,2,PASS_STRICT_COMPLETE_ITEM_COUNTS,42882,23330,14,14,2439.0,,,,PASS,,activity_loss,risk_ratio,2.089285403062545,0.05232857739386663,1.885626201361665,2.314941048389149,4.9925135244587405e-45,,,,,,,6185.0,505.0,5680.0,2866.0,396.0,2470.0,5158.0,228.0,4930.0,,,,,,,,,,,,,,,,
share,all_primary_wave_intervals,incident_any_adl,basic,mutually_adjusted_components,core,2,PASS_STRICT_COMPLETE_ITEM_COUNTS,42882,23330,14,14,2439.0,,,,PASS,,work_loss,risk_ratio,1.1669841149972087,0.07236778642965483,1.0126640042031303,1.3448211045355225,0.03285422382883105,,,,,,,6185.0,505.0,5680.0,2866.0,396.0,2470.0,5158.0,228.0,4930.0,,,,,,,,,,,,,,,,
share,all_primary_wave_intervals,incident_any_adl,full,any_withdrawal,core,2,PASS_STRICT_COMPLETE_ITEM_COUNTS,26843,16183,17,17,1624.0,8355.0,663.0,7692.0,PASS,,any_withdrawal,risk_ratio,1.419672480981432,0.050580585283865866,1.2856829713151183,1.5676259219598756,4.265990545791012e-12,,,,,,,,,,,,,,,,,,,,,,,,,,,,,,,
share,all_primary_wave_intervals,incident_any_adl,full,score_categorical,core,2,PASS_STRICT_COMPLETE_ITEM_COUNTS,26843,16183,18,18,1624.0,,,,PASS,,loss_1,risk_ratio,1.3513679444515923,0.05309736479562587,1.2178030405300737,1.49958183754939,1.4193181646867812e-08,7350.0,543.0,6807.0,1005.0,120.0,885.0,,,,,,,,,,,,,,,,,,,,,,,,,
share,all_primary_wave_intervals,incident_any_adl,full,score_categorical,core,2,PASS_STRICT_COMPLETE_ITEM_COUNTS,26843,16183,18,18,1624.0,,,,PASS,,loss_2plus,risk_ratio,1.9078165953562647,0.09395298093089259,1.5869516670160433,2.2935570358993003,6.183868958170665e-12,7350.0,543.0,6807.0,1005.0,120.0,885.0,,,,,,,,,,,,,,,,,,,,,,,,,
share,all_primary_wave_intervals,incident_any_adl,full,mutually_adjusted_components,core,2,PASS_STRICT_COMPLETE_ITEM_COUNTS,26843,16183,19,19,1624.0,,,,PASS,,alcohol_loss,risk_ratio,1.1495463448941163,0.05931600116534639,1.023379264555917,1.291267905093673,0.018794867130788064,,,,,,,4265.0,364.0,3901.0,1891.0,278.0,1613.0,3243.0,142.0,3101.0,,,,,,,,,,,,,,,,
share,all_primary_wave_intervals,incident_any_adl,full,mutually_adjusted_components,core,2,PASS_STRICT_COMPLETE_ITEM_COUNTS,26843,16183,19,19,1624.0,,,,PASS,,activity_loss,risk_ratio,1.8775006185246854,0.06319953520505263,1.6587637918848628,2.125081696264354,2.1148278426184538e-23,,,,,,,4265.0,364.0,3901.0,1891.0,278.0,1613.0,3243.0,142.0,3101.0,,,,,,,,,,,,,,,,
share,all_primary_wave_intervals,incident_any_adl,full,mutually_adjusted_components,core,2,PASS_STRICT_COMPLETE_ITEM_COUNTS,26843,16183,19,19,1624.0,,,,PASS,,work_loss,risk_ratio,1.0758633505914184,0.09201136985374163,0.8983320480965845,1.2884789667676932,0.4267752560315743,,,,,,,4265.0,364.0,3901.0,1891.0,278.0,1613.0,3243.0,142.0,3101.0,,,,,,,,,,,,,,,,
share,all_primary_wave_intervals,incident_any_adl,full,extended_score_categorical,enrichment,1,PASS_STRICT_COMPLETE_ITEM_COUNTS,29367,21900,16,16,2524.0,,,,PASS,,extended_loss_1,risk_ratio,1.4351791942595884,0.0433705197340763,1.3182235816988812,1.5625113586430308,8.06334347996261e-17,,,,,,,,,,,,,,,,8036.0,778.0,7258.0,1520.0,166.0,1354.0,,,,,,,,,,
share,all_primary_wave_intervals,incident_any_adl,full,extended_score_categorical,enrichment,1,PASS_STRICT_COMPLETE_ITEM_COUNTS,29367,21900,16,16,2524.0,,,,PASS,,extended_loss_2plus,risk_ratio,1.8882994651532248,0.08198544972919089,1.6079951288617298,2.217466213732892,8.937243977058298e-15,,,,,,,,,,,,,,,,8036.0,778.0,7258.0,1520.0,166.0,1354.0,,,,,,,,,,
share,all_primary_wave_intervals,incident_any_adl,full,work_exit_phenotype,enrichment,1,PASS_STRICT_COMPLETE_ITEM_COUNTS,10985,7407,18,18,372.0,,,,PASS,,work_exit_retirement,risk_ratio,1.2008699749357914,0.11681170483004542,0.9551370306502235,1.5098238791145655,0.11711002577746484,,,,,,,,,,,,,,,,,,,,,,3004.0,130.0,2874.0,329.0,23.0,306.0,,,,
share,all_primary_wave_intervals,incident_any_adl,full,work_exit_phenotype,enrichment,1,PASS_STRICT_COMPLETE_ITEM_COUNTS,10985,7407,18,18,372.0,,,,PASS,,work_exit_no_retirement,risk_ratio,1.9459173445285047,0.213826441142107,1.2797201033118346,2.958923831810879,0.00184926806384522,,,,,,,,,,,,,,,,,,,,,,3004.0,130.0,2874.0,329.0,23.0,306.0,,,,
share,all_primary_wave_intervals,multimorbidity_progression,basic,any_withdrawal,core,2,PASS_STRICT_COMMON_SIX,46003,24616,13,13,9362.0,13932.0,2988.0,10944.0,PASS,,any_withdrawal,risk_ratio,1.1432099097757038,0.0197768647716763,1.0997447125498239,1.1883929814758374,1.3102281914722635e-11,,,,,,,,,,,,,,,,,,,,,,,,,,,,,,,
share,all_primary_wave_intervals,multimorbidity_progression,basic,score_categorical,core,2,PASS_STRICT_COMMON_SIX,46003,24616,14,14,9362.0,,,,PASS,,loss_1,risk_ratio,1.117673429980136,0.020868603691200353,1.07288096238914,1.1643359700425668,9.770683547531655e-08,12035.0,2536.0,9499.0,1897.0,452.0,1445.0,,,,,,,,,,,,,,,,,,,,,,,,,
share,all_primary_wave_intervals,multimorbidity_progression,basic,score_categorical,core,2,PASS_STRICT_COMMON_SIX,46003,24616,14,14,9362.0,,,,PASS,,loss_2plus,risk_ratio,1.3223990974372941,0.042434111571509815,1.2168654566530348,1.4370852285616227,4.5351941194150695e-11,12035.0,2536.0,9499.0,1897.0,452.0,1445.0,,,,,,,,,,,,,,,,,,,,,,,,,
share,all_primary_wave_intervals,multimorbidity_progression,basic,mutually_adjusted_components,core,2,PASS_STRICT_COMMON_SIX,46003,24616,15,15,9362.0,,,,PASS,,alcohol_loss,risk_ratio,1.095771330411152,0.02495574116106033,1.0434642348626022,1.1507004921056352,0.0002475037893999177,,,,,,,6837.0,1510.0,5327.0,3606.0,868.0,2738.0,5458.0,1072.0,4386.0,,,,,,,,,,,,,,,,
share,all_primary_wave_intervals,multimorbidity_progression,basic,mutually_adjusted_components,core,2,PASS_STRICT_COMMON_SIX,46003,24616,15,15,9362.0,,,,PASS,,activity_loss,risk_ratio,1.2288096187968567,0.031272170516621615,1.1557547378454742,1.3064822750045795,4.434114263942665e-11,,,,,,,6837.0,1510.0,5327.0,3606.0,868.0,2738.0,5458.0,1072.0,4386.0,,,,,,,,,,,,,,,,
share,all_primary_wave_intervals,multimorbidity_progression,basic,mutually_adjusted_components,core,2,PASS_STRICT_COMMON_SIX,46003,24616,15,15,9362.0,,,,PASS,,work_loss,risk_ratio,1.0861086564465499,0.030531730883894253,1.0230211646524896,1.1530866167454503,0.006821731659523389,,,,,,,6837.0,1510.0,5327.0,3606.0,868.0,2738.0,5458.0,1072.0,4386.0,,,,,,,,,,,,,,,,
share,all_primary_wave_intervals,multimorbidity_progression,full,any_withdrawal,core,2,PASS_STRICT_COMMON_SIX,28771,17090,17,17,6136.0,9237.0,2050.0,7187.0,PASS,,any_withdrawal,risk_ratio,1.1125255821461828,0.02424754853239282,1.0608902436493333,1.1666741006799348,1.0941889979258779e-05,,,,,,,,,,,,,,,,,,,,,,,,,,,,,,,
share,all_primary_wave_intervals,multimorbidity_progression,full,score_categorical,core,2,PASS_STRICT_COMMON_SIX,28771,17090,18,18,6136.0,,,,PASS,,loss_1,risk_ratio,1.089020485075409,0.025513885736006964,1.0359018060399923,1.1448629686703082,0.0008304504358095555,8005.0,1740.0,6265.0,1232.0,310.0,922.0,,,,,,,,,,,,,,,,,,,,,,,,,
share,all_primary_wave_intervals,multimorbidity_progression,full,score_categorical,core,2,PASS_STRICT_COMMON_SIX,28771,17090,18,18,6136.0,,,,PASS,,loss_2plus,risk_ratio,1.2825408475052082,0.0511875400906532,1.160112997981802,1.4178886266949497,1.1655799703018166e-06,8005.0,1740.0,6265.0,1232.0,310.0,922.0,,,,,,,,,,,,,,,,,,,,,,,,,
share,all_primary_wave_intervals,multimorbidity_progression,full,mutually_adjusted_components,core,2,PASS_STRICT_COMMON_SIX,28771,17090,19,19,6136.0,,,,PASS,,alcohol_loss,risk_ratio,1.043464599934459,0.030130956302642595,0.98362646123276,1.1069429445317946,0.15793420606151098,,,,,,,4711.0,1056.0,3655.0,2377.0,617.0,1760.0,3426.0,695.0,2731.0,,,,,,,,,,,,,,,,
share,all_primary_wave_intervals,multimorbidity_progression,full,mutually_adjusted_components,core,2,PASS_STRICT_COMMON_SIX,28771,17090,19,19,6136.0,,,,PASS,,activity_loss,risk_ratio,1.2625104084403105,0.037001653200616734,1.174191961633911,1.3574718474499956,2.9807611045904787e-10,,,,,,,4711.0,1056.0,3655.0,2377.0,617.0,1760.0,3426.0,695.0,2731.0,,,,,,,,,,,,,,,,
share,all_primary_wave_intervals,multimorbidity_progression,full,mutually_adjusted_components,core,2,PASS_STRICT_COMMON_SIX,28771,17090,19,19,6136.0,,,,PASS,,work_loss,risk_ratio,1.056607591380397,0.0382078408901919,0.9803725743834165,1.1387707401595064,0.14954112361738148,,,,,,,4711.0,1056.0,3655.0,2377.0,617.0,1760.0,3426.0,695.0,2731.0,,,,,,,,,,,,,,,,
share,all_primary_wave_intervals,multimorbidity_progression,full,extended_score_categorical,enrichment,1,PASS_STRICT_COMMON_SIX,33117,24488,16,16,6747.0,,,,PASS,,extended_loss_1,risk_ratio,1.1474747436500228,0.024899090079125743,1.0928208980131078,1.2048619217555374,3.297736385787956e-08,,,,,,,,,,,,,,,,9211.0,1958.0,7253.0,1819.0,403.0,1416.0,,,,,,,,,,
share,all_primary_wave_intervals,multimorbidity_progression,full,extended_score_categorical,enrichment,1,PASS_STRICT_COMMON_SIX,33117,24488,16,16,6747.0,,,,PASS,,extended_loss_2plus,risk_ratio,1.2777260744580026,0.04780679855880088,1.163441461825976,1.4032368408012383,2.9516360330061527e-07,,,,,,,,,,,,,,,,9211.0,1958.0,7253.0,1819.0,403.0,1416.0,,,,,,,,,,
share,all_primary_wave_intervals,multimorbidity_progression,full,work_exit_phenotype,enrichment,1,PASS_STRICT_COMMON_SIX,11493,7687,18,18,2232.0,,,,PASS,,work_exit_retirement,risk_ratio,1.0635493595140522,0.044076202557197706,0.9755284033092643,1.1595123589283693,0.162159157484709,,,,,,,,,,,,,,,,,,,,,,3178.0,654.0,2524.0,358.0,72.0,286.0,,,,
share,all_primary_wave_intervals,multimorbidity_progression,full,work_exit_phenotype,enrichment,1,PASS_STRICT_COMMON_SIX,11493,7687,18,18,2232.0,,,,PASS,,work_exit_no_retirement,risk_ratio,1.052439079782556,0.10863276865809714,0.850606282137421,1.3021629864645285,0.6380064753588901,,,,,,,,,,,,,,,,,,,,,,3178.0,654.0,2524.0,358.0,72.0,286.0,,,,
share,all_primary_wave_intervals,mortality,basic,any_withdrawal,core,2,PASS_SOURCE_STATUS,56914,30837,12,12,1929.0,17710.0,953.0,16757.0,PASS,,any_withdrawal,risk_ratio,2.020411078634722,0.04502728159479745,1.849747502677282,2.206820617820345,5.367363304384155e-55,,,,,,,,,,,,,,,,,,,,,,,,,,,,,,,
share,all_primary_wave_intervals,mortality,basic,score_categorical,core,2,PASS_SOURCE_STATUS,56914,30837,13,13,1929.0,,,,PASS,,loss_1,risk_ratio,1.7608034980359548,0.04871545988681536,1.600457764241475,1.9372138571648467,3.5079259571452796e-31,15134.0,677.0,14457.0,2576.0,276.0,2300.0,,,,,,,,,,,,,,,,,,,,,,,,,
share,all_primary_wave_intervals,mortality,basic,score_categorical,core,2,PASS_SOURCE_STATUS,56914,30837,13,13,1929.0,,,,PASS,,loss_2plus,risk_ratio,3.3551760794981904,0.06763908549436554,2.9386023590573522,3.830802929065893,1.2552443591833315e-71,15134.0,677.0,14457.0,2576.0,276.0,2300.0,,,,,,,,,,,,,,,,,,,,,,,,,
share,all_primary_wave_intervals,mortality,basic,mutually_adjusted_components,core,2,PASS_SOURCE_STATUS,56914,30837,14,14,1929.0,,,,PASS,,alcohol_loss,risk_ratio,1.580639183964116,0.05046474418892763,1.431782585072876,1.7449717966471707,1.1657286070812e-19,,,,,,,8821.0,550.0,8271.0,4873.0,501.0,4372.0,6686.0,185.0,6501.0,,,,,,,,,,,,,,,,
share,all_primary_wave_intervals,mortality,basic,mutually_adjusted_components,core,2,PASS_SOURCE_STATUS,56914,30837,14,14,1929.0,,,,PASS,,activity_loss,risk_ratio,2.236339089349917,0.05303971311812965,2.01553418868398,2.4813335098125524,5.2337950932956785e-52,,,,,,,8821.0,550.0,8271.0,4873.0,501.0,4372.0,6686.0,185.0,6501.0,,,,,,,,,,,,,,,,
share,all_primary_wave_intervals,mortality,basic,mutually_adjusted_components,core,2,PASS_SOURCE_STATUS,56914,30837,14,14,1929.0,,,,PASS,,work_loss,risk_ratio,1.4598361964610906,0.0805371807923936,1.2466678369050612,1.7094543208788002,2.6335192566933755e-06,,,,,,,8821.0,550.0,8271.0,4873.0,501.0,4372.0,6686.0,185.0,6501.0,,,,,,,,,,,,,,,,
share,all_primary_wave_intervals,mortality,full,any_withdrawal,core,2,PASS_SOURCE_STATUS,36426,22065,17,17,1248.0,11963.0,627.0,11336.0,PASS,,any_withdrawal,risk_ratio,1.7487905567572186,0.056777018896061016,1.5646208502009917,1.9546386659811903,7.261322179402689e-23,,,,,,,,,,,,,,,,,,,,,,,,,,,,,,,
share,all_primary_wave_intervals,mortality,full,score_categorical,core,2,PASS_SOURCE_STATUS,36426,22065,18,18,1248.0,,,,PASS,,loss_1,risk_ratio,1.5654268071979645,0.061037910766593435,1.3889199077059158,1.7643645793382092,2.0995785850285787e-13,10250.0,449.0,9801.0,1713.0,178.0,1535.0,,,,,,,,,,,,,,,,,,,,,,,,,
share,all_primary_wave_intervals,mortality,full,score_categorical,core,2,PASS_SOURCE_STATUS,36426,22065,18,18,1248.0,,,,PASS,,loss_2plus,risk_ratio,2.687087291082029,0.08616713458721219,2.269531301604571,3.181466633568644,1.8365993645562602e-30,10250.0,449.0,9801.0,1713.0,178.0,1535.0,,,,,,,,,,,,,,,,,,,,,,,,,
share,all_primary_wave_intervals,mortality,full,mutually_adjusted_components,core,2,PASS_SOURCE_STATUS,36426,22065,19,19,1248.0,,,,PASS,,alcohol_loss,risk_ratio,1.4847073806953777,0.06280393839816034,1.312750094409666,1.6791893717460455,3.116274916865422e-10,,,,,,,6159.0,368.0,5791.0,3263.0,320.0,2943.0,4317.0,121.0,4196.0,,,,,,,,,,,,,,,,
share,all_primary_wave_intervals,mortality,full,mutually_adjusted_components,core,2,PASS_SOURCE_STATUS,36426,22065,19,19,1248.0,,,,PASS,,activity_loss,risk_ratio,1.8004262636392114,0.06603500557893821,1.5818534313262476,2.0492004294507264,5.35193953426895e-19,,,,,,,6159.0,368.0,5791.0,3263.0,320.0,2943.0,4317.0,121.0,4196.0,,,,,,,,,,,,,,,,
share,all_primary_wave_intervals,mortality,full,mutually_adjusted_components,core,2,PASS_SOURCE_STATUS,36426,22065,19,19,1248.0,,,,PASS,,work_loss,risk_ratio,1.5246395557405121,0.10269344865126068,1.2466781879995943,1.8645756357208223,4.0089826808473204e-05,,,,,,,6159.0,368.0,5791.0,3263.0,320.0,2943.0,4317.0,121.0,4196.0,,,,,,,,,,,,,,,,
share,all_primary_wave_intervals,mortality,full,extended_score_categorical,enrichment,1,PASS_SOURCE_STATUS,42455,31723,16,16,2252.0,,,,PASS,,extended_loss_1,risk_ratio,1.5681827172337715,0.047288928667139234,1.4293686552147682,1.7204777967243103,1.8307472356407826e-21,,,,,,,,,,,,,,,,11818.0,699.0,11119.0,2399.0,201.0,2198.0,,,,,,,,,,
share,all_primary_wave_intervals,mortality,full,extended_score_categorical,enrichment,1,PASS_SOURCE_STATUS,42455,31723,16,16,2252.0,,,,PASS,,extended_loss_2plus,risk_ratio,2.8994482373300823,0.08022893572407298,2.477561056612498,3.393175743749747,3.524020215438718e-40,,,,,,,,,,,,,,,,11818.0,699.0,11119.0,2399.0,201.0,2198.0,,,,,,,,,,
share,all_primary_wave_intervals,mortality,full,work_exit_phenotype,enrichment,1,PASS_SOURCE_STATUS,14504,9914,18,18,254.0,,,,NOT_EVALUABLE_WORK_EXIT_NO_RETIREMENT_EVENTS,,,,,,,,,,,,,,,,,,,,,,,,,,,,,,4001.0,115.0,3886.0,469.0,16.0,453.0,,,,
share,all_primary_wave_intervals,incident_heart_disease,basic,any_withdrawal,core,2,PASS_BASELINE_FREE_RISK_SET,38051,20704,12,12,1803.0,11131.0,605.0,10526.0,PASS,,any_withdrawal,risk_ratio,1.273969286369367,0.04934756670477836,1.1565228904535885,1.4033425157507555,9.258573794878864e-07,,,,,,,,,,,,,,,,,,,,,,,,,,,,,,,
share,all_primary_wave_intervals,incident_heart_disease,basic,score_categorical,core,2,PASS_BASELINE_FREE_RISK_SET,38051,20704,13,13,1803.0,,,,PASS,,loss_1,risk_ratio,1.2058729178368703,0.05255890742511798,1.0878357285052838,1.336717903143723,0.00036833690655757275,9714.0,497.0,9217.0,1417.0,108.0,1309.0,,,,,,,,,,,,,,,,,,,,,,,,,
share,all_primary_wave_intervals,incident_heart_disease,basic,score_categorical,core,2,PASS_BASELINE_FREE_RISK_SET,38051,20704,13,13,1803.0,,,,PASS,,loss_2plus,risk_ratio,1.7468224077877268,0.09773007779115554,1.4423171291010926,2.115615534741,1.146203984899603e-08,9714.0,497.0,9217.0,1417.0,108.0,1309.0,,,,,,,,,,,,,,,,,,,,,,,,,
share,all_primary_wave_intervals,incident_heart_disease,basic,mutually_adjusted_components,core,2,PASS_BASELINE_FREE_RISK_SET,38051,20704,14,14,1803.0,,,,PASS,,alcohol_loss,risk_ratio,1.165036963686754,0.06110276151047538,1.0335439277268204,1.3132592532779181,0.0124216767084833,,,,,,,5368.0,314.0,5054.0,2623.0,205.0,2418.0,4608.0,195.0,4413.0,,,,,,,,,,,,,,,,
share,all_primary_wave_intervals,incident_heart_disease,basic,mutually_adjusted_components,core,2,PASS_BASELINE_FREE_RISK_SET,38051,20704,14,14,1803.0,,,,PASS,,activity_loss,risk_ratio,1.5057448087726457,0.0720640261266701,1.307405670660556,1.7341728585284881,1.3508873295014706e-08,,,,,,,5368.0,314.0,5054.0,2623.0,205.0,2418.0,4608.0,195.0,4413.0,,,,,,,,,,,,,,,,
share,all_primary_wave_intervals,incident_heart_disease,basic,mutually_adjusted_components,core,2,PASS_BASELINE_FREE_RISK_SET,38051,20704,14,14,1803.0,,,,PASS,,work_loss,risk_ratio,1.144466172806782,0.07983877059188553,0.978687577720746,1.3383257849756172,0.09100212274971244,,,,,,,5368.0,314.0,5054.0,2623.0,205.0,2418.0,4608.0,195.0,4413.0,,,,,,,,,,,,,,,,
share,all_primary_wave_intervals,incident_heart_disease,full,any_withdrawal,core,2,PASS_BASELINE_FREE_RISK_SET,23872,14387,17,17,1182.0,7416.0,415.0,7001.0,PASS,,any_withdrawal,risk_ratio,1.2033085230814362,0.061160257887910574,1.067375639929015,1.3565527894347693,0.002477597085184635,,,,,,,,,,,,,,,,,,,,,,,,,,,,,,,
share,all_primary_wave_intervals,incident_heart_disease,full,score_categorical,core,2,PASS_BASELINE_FREE_RISK_SET,23872,14387,18,18,1182.0,,,,PASS,,loss_1,risk_ratio,1.1565436530433728,0.06476415518136194,1.0186727313354662,1.3130745334091185,0.024728095369451447,6496.0,344.0,6152.0,920.0,71.0,849.0,,,,,,,,,,,,,,,,,,,,,,,,,
share,all_primary_wave_intervals,incident_heart_disease,full,score_categorical,core,2,PASS_BASELINE_FREE_RISK_SET,23872,14387,18,18,1182.0,,,,PASS,,loss_2plus,risk_ratio,1.5333468856469774,0.12019618416888371,1.21151623412239,1.9406695556386298,0.0003761245246384496,6496.0,344.0,6152.0,920.0,71.0,849.0,,,,,,,,,,,,,,,,,,,,,,,,,
share,all_primary_wave_intervals,incident_heart_disease,full,mutually_adjusted_components,core,2,PASS_BASELINE_FREE_RISK_SET,23872,14387,19,19,1182.0,,,,PASS,,alcohol_loss,risk_ratio,1.0871955187367046,0.07376408714983866,0.9408481792995964,1.256306938746583,0.257061988104777,,,,,,,3709.0,222.0,3487.0,1735.0,151.0,1584.0,2925.0,114.0,2811.0,,,,,,,,,,,,,,,,
share,all_primary_wave_intervals,incident_heart_disease,full,mutually_adjusted_components,core,2,PASS_BASELINE_FREE_RISK_SET,23872,14387,19,19,1182.0,,,,PASS,,activity_loss,risk_ratio,1.4865047528703506,0.08459551922628174,1.2593848530327156,1.7545838946569727,2.7838794906225604e-06,,,,,,,3709.0,222.0,3487.0,1735.0,151.0,1584.0,2925.0,114.0,2811.0,,,,,,,,,,,,,,,,
share,all_primary_wave_intervals,incident_heart_disease,full,mutually_adjusted_components,core,2,PASS_BASELINE_FREE_RISK_SET,23872,14387,19,19,1182.0,,,,PASS,,work_loss,risk_ratio,1.0297049868799586,0.10445677335595126,0.8390716532454576,1.2636493628456347,0.7792979735829799,,,,,,,3709.0,222.0,3487.0,1735.0,151.0,1584.0,2925.0,114.0,2811.0,,,,,,,,,,,,,,,,
share,all_primary_wave_intervals,incident_hypertension,basic,any_withdrawal,core,2,PASS_BASELINE_FREE_RISK_SET,23110,12942,12,12,2582.0,6459.0,802.0,5657.0,PASS,,any_withdrawal,risk_ratio,1.2253757796597569,0.04054168242329891,1.1317751376977754,1.3267174294278616,5.350479339909642e-07,,,,,,,,,,,,,,,,,,,,,,,,,,,,,,,
share,all_primary_wave_intervals,incident_hypertension,basic,score_categorical,core,2,PASS_BASELINE_FREE_RISK_SET,23110,12942,13,13,2582.0,,,,PASS,,loss_1,risk_ratio,1.1975952845222053,0.04256995285160861,1.101728204871702,1.3018042555031442,2.277915610836599e-05,5696.0,691.0,5005.0,763.0,111.0,652.0,,,,,,,,,,,,,,,,,,,,,,,,,
share,all_primary_wave_intervals,incident_hypertension,basic,score_categorical,core,2,PASS_BASELINE_FREE_RISK_SET,23110,12942,13,13,2582.0,,,,PASS,,loss_2plus,risk_ratio,1.4406364283194555,0.09117079831891213,1.2048962924890585,1.7224995475034914,6.217325224583264e-05,5696.0,691.0,5005.0,763.0,111.0,652.0,,,,,,,,,,,,,,,,,,,,,,,,,
share,all_primary_wave_intervals,incident_hypertension,basic,mutually_adjusted_components,core,2,PASS_BASELINE_FREE_RISK_SET,23110,12942,14,14,2582.0,,,,PASS,,alcohol_loss,risk_ratio,1.1672894975801993,0.05189300769146495,1.0544043036006303,1.292260252076061,0.00287465461780006,,,,,,,3037.0,402.0,2635.0,1432.0,235.0,1197.0,2777.0,278.0,2499.0,,,,,,,,,,,,,,,,
share,all_primary_wave_intervals,incident_hypertension,basic,mutually_adjusted_components,core,2,PASS_BASELINE_FREE_RISK_SET,23110,12942,14,14,2582.0,,,,PASS,,activity_loss,risk_ratio,1.413842565461252,0.0643973712146727,1.246194731107838,1.6040436939843539,7.543377151189653e-08,,,,,,,3037.0,402.0,2635.0,1432.0,235.0,1197.0,2777.0,278.0,2499.0,,,,,,,,,,,,,,,,
share,all_primary_wave_intervals,incident_hypertension,basic,mutually_adjusted_components,core,2,PASS_BASELINE_FREE_RISK_SET,23110,12942,14,14,2582.0,,,,PASS,,work_loss,risk_ratio,1.047796644631752,0.06265651780811111,0.9267096356703841,1.1847052908944347,0.4561711913849946,,,,,,,3037.0,402.0,2635.0,1432.0,235.0,1197.0,2777.0,278.0,2499.0,,,,,,,,,,,,,,,,
share,all_primary_wave_intervals,incident_hypertension,full,any_withdrawal,core,2,PASS_BASELINE_FREE_RISK_SET,14644,9077,17,17,1681.0,4366.0,535.0,3831.0,PASS,,any_withdrawal,risk_ratio,1.0715846451322903,0.05046413998754267,0.9706693759134399,1.1829915315940662,0.17067046117784024,,,,,,,,,,,,,,,,,,,,,,,,,,,,,,,
share,all_primary_wave_intervals,incident_hypertension,full,score_categorical,core,2,PASS_BASELINE_FREE_RISK_SET,14644,9077,18,18,1681.0,,,,PASS,,loss_1,risk_ratio,1.0598643375137256,0.0527514164930413,0.9557585505615355,1.175309824090436,0.27038869672764687,3857.0,461.0,3396.0,509.0,74.0,435.0,,,,,,,,,,,,,,,,,,,,,,,,,
share,all_primary_wave_intervals,incident_hypertension,full,score_categorical,core,2,PASS_BASELINE_FREE_RISK_SET,14644,9077,18,18,1681.0,,,,PASS,,loss_2plus,risk_ratio,1.156649954122097,0.1131180700040831,0.926649870112045,1.4437374455239338,0.19826411962804236,3857.0,461.0,3396.0,509.0,74.0,435.0,,,,,,,,,,,,,,,,,,,,,,,,,
share,all_primary_wave_intervals,incident_hypertension,full,mutually_adjusted_components,core,2,PASS_BASELINE_FREE_RISK_SET,14644,9077,19,19,1681.0,,,,PASS,,alcohol_loss,risk_ratio,0.993617246646905,0.0631645656715106,0.8779167706992919,1.1245658652217985,0.919254008227808,,,,,,,2131.0,274.0,1857.0,977.0,164.0,813.0,1785.0,173.0,1612.0,,,,,,,,,,,,,,,,
share,all_primary_wave_intervals,incident_hypertension,full,mutually_adjusted_components,core,2,PASS_BASELINE_FREE_RISK_SET,14644,9077,19,19,1681.0,,,,PASS,,activity_loss,risk_ratio,1.340270876969535,0.07792390425588804,1.1504390989239794,1.5614264373775315,0.00017098109520420184,,,,,,,2131.0,274.0,1857.0,977.0,164.0,813.0,1785.0,173.0,1612.0,,,,,,,,,,,,,,,,
share,all_primary_wave_intervals,incident_hypertension,full,mutually_adjusted_components,core,2,PASS_BASELINE_FREE_RISK_SET,14644,9077,19,19,1681.0,,,,PASS,,work_loss,risk_ratio,0.9304809435361582,0.07982601131550077,0.7957185069802374,1.0880666701716444,0.36672010207338335,,,,,,,2131.0,274.0,1857.0,977.0,164.0,813.0,1785.0,173.0,1612.0,,,,,,,,,,,,,,,,
share,all_primary_wave_intervals,incident_any_iadl,basic,any_withdrawal,core,2,PASS_STRICT_COMPLETE_ITEM_COUNTS,44312,23854,12,12,1790.0,13014.0,766.0,12248.0,PASS,,any_withdrawal,risk_ratio,1.8394689752326254,0.04675835925984406,1.6783853489165153,2.016012659445391,7.776465987789034e-39,,,,,,,,,,,,,,,,,,,,,,,,,,,,,,,
share,all_primary_wave_intervals,incident_any_iadl,basic,score_categorical,core,2,PASS_STRICT_COMPLETE_ITEM_COUNTS,44312,23854,13,13,1790.0,,,,PASS,,loss_1,risk_ratio,1.602650828831498,0.05083141093108912,1.4506783746753262,1.7705438531329432,1.7125467897820013e-20,11390.0,575.0,10815.0,1624.0,191.0,1433.0,,,,,,,,,,,,,,,,,,,,,,,,,
share,all_primary_wave_intervals,incident_any_iadl,basic,score_categorical,core,2,PASS_STRICT_COMPLETE_ITEM_COUNTS,44312,23854,13,13,1790.0,,,,PASS,,loss_2plus,risk_ratio,3.45813417975764,0.07525698841751303,2.983891145634452,4.007750759508796,4.582772493879496e-61,11390.0,575.0,10815.0,1624.0,191.0,1433.0,,,,,,,,,,,,,,,,,,,,,,,,,
share,all_primary_wave_intervals,incident_any_iadl,basic,mutually_adjusted_components,core,2,PASS_STRICT_COMPLETE_ITEM_COUNTS,44312,23854,14,14,1790.0,,,,PASS,,alcohol_loss,risk_ratio,1.5087075060218238,0.05351253318885254,1.358485790645526,1.67554077812252,1.5278474668728575e-14,,,,,,,6341.0,456.0,5885.0,3044.0,357.0,2687.0,5319.0,150.0,5169.0,,,,,,,,,,,,,,,,
share,all_primary_wave_intervals,incident_any_iadl,basic,mutually_adjusted_components,core,2,PASS_STRICT_COMPLETE_ITEM_COUNTS,44312,23854,14,14,1790.0,,,,PASS,,activity_loss,risk_ratio,2.2811121141023967,0.057316501545773356,2.0387254121832483,2.5523164846080793,6.165477645586465e-47,,,,,,,6341.0,456.0,5885.0,3044.0,357.0,2687.0,5319.0,150.0,5169.0,,,,,,,,,,,,,,,,
share,all_primary_wave_intervals,incident_any_iadl,basic,mutually_adjusted_components,core,2,PASS_STRICT_COMPLETE_ITEM_COUNTS,44312,23854,14,14,1790.0,,,,PASS,,work_loss,risk_ratio,1.4496195739357107,0.08888110385444882,1.2178626507883492,1.7254793943941635,2.947255943563415e-05,,,,,,,6341.0,456.0,5885.0,3044.0,357.0,2687.0,5319.0,150.0,5169.0,,,,,,,,,,,,,,,,
share,all_primary_wave_intervals,incident_any_iadl,full,any_withdrawal,core,2,PASS_STRICT_COMPLETE_ITEM_COUNTS,27742,16583,17,17,1223.0,8648.0,516.0,8132.0,PASS,,any_withdrawal,risk_ratio,1.5107726886325827,0.05715548039118151,1.3506670090172048,1.6898570124837105,5.226477044626049e-13,,,,,,,,,,,,,,,,,,,,,,,,,,,,,,,
share,all_primary_wave_intervals,incident_any_iadl,full,score_categorical,core,2,PASS_STRICT_COMPLETE_ITEM_COUNTS,27742,16583,18,18,1223.0,,,,PASS,,loss_1,risk_ratio,1.351173406099446,0.06171429475921015,1.1972360513131077,1.5249036072276774,1.0777523143277273e-06,7586.0,393.0,7193.0,1062.0,123.0,939.0,,,,,,,,,,,,,,,,,,,,,,,,,
share,all_primary_wave_intervals,incident_any_iadl,full,score_categorical,core,2,PASS_STRICT_COMPLETE_ITEM_COUNTS,27742,16583,18,18,1223.0,,,,PASS,,loss_2plus,risk_ratio,2.578027270525392,0.09423190634961345,2.1432713713433365,3.1009720450877643,9.192854218423353e-24,7586.0,393.0,7193.0,1062.0,123.0,939.0,,,,,,,,,,,,,,,,,,,,,,,,,
share,all_primary_wave_intervals,incident_any_iadl,full,mutually_adjusted_components,core,2,PASS_STRICT_COMPLETE_ITEM_COUNTS,27742,16583,19,19,1223.0,,,,PASS,,alcohol_loss,risk_ratio,1.3218450589259805,0.06448883714096469,1.1648970736739244,1.499938835193711,1.5131003959680055e-05,,,,,,,4394.0,324.0,4070.0,2019.0,237.0,1782.0,3338.0,83.0,3255.0,,,,,,,,,,,,,,,,
share,all_primary_wave_intervals,incident_any_iadl,full,mutually_adjusted_components,core,2,PASS_STRICT_COMPLETE_ITEM_COUNTS,27742,16583,19,19,1223.0,,,,PASS,,activity_loss,risk_ratio,1.9070024386957358,0.06946542502566876,1.6642638178430906,2.1851453250390582,1.501943579330767e-20,,,,,,,4394.0,324.0,4070.0,2019.0,237.0,1782.0,3338.0,83.0,3255.0,,,,,,,,,,,,,,,,
share,all_primary_wave_intervals,incident_any_iadl,full,mutually_adjusted_components,core,2,PASS_STRICT_COMPLETE_ITEM_COUNTS,27742,16583,19,19,1223.0,,,,PASS,,work_loss,risk_ratio,1.2191414555486153,0.11738863480392078,0.9685737887381889,1.5345303640453494,0.09141961730804614,,,,,,,4394.0,324.0,4070.0,2019.0,237.0,1782.0,3338.0,83.0,3255.0,,,,,,,,,,,,,,,,
share,all_primary_wave_intervals,iadl_count_increase,basic,any_withdrawal,core,2,PASS_STRICT_COMPLETE_ITEM_COUNTS,45916,24559,13,13,2102.0,13908.0,959.0,12949.0,PASS,,any_withdrawal,risk_ratio,1.7844285207214143,0.04385902305359975,1.6374433654260854,1.944607803113512,8.36096419617378e-40,,,,,,,,,,,,,,,,,,,,,,,,,,,,,,,
share,all_primary_wave_intervals,iadl_count_increase,basic,score_categorical,core,2,PASS_STRICT_COMPLETE_ITEM_COUNTS,45916,24559,14,14,2102.0,,,,PASS,,loss_1,risk_ratio,1.63461735748746,0.04623246239973658,1.4930108467807393,1.789654717620205,2.1824452296675348e-26,12013.0,720.0,11293.0,1895.0,239.0,1656.0,,,,,,,,,,,,,,,,,,,,,,,,,
share,all_primary_wave_intervals,iadl_count_increase,basic,score_categorical,core,2,PASS_STRICT_COMPLETE_ITEM_COUNTS,45916,24559,14,14,2102.0,,,,PASS,,loss_2plus,risk_ratio,2.704469611701249,0.07543123537325139,2.332786116602828,3.1353735469186126,1.0075376672610632e-39,12013.0,720.0,11293.0,1895.0,239.0,1656.0,,,,,,,,,,,,,,,,,,,,,,,,,
share,all_primary_wave_intervals,iadl_count_increase,basic,mutually_adjusted_components,core,2,PASS_STRICT_COMPLETE_ITEM_COUNTS,45916,24559,15,15,2102.0,,,,PASS,,alcohol_loss,risk_ratio,1.3946942784696421,0.050267794407627145,1.2638367948821085,1.5391007274617312,3.639454435138773e-11,,,,,,,6832.0,548.0,6284.0,3591.0,486.0,3105.0,5452.0,170.0,5282.0,,,,,,,,,,,,,,,,
share,all_primary_wave_intervals,iadl_count_increase,basic,mutually_adjusted_components,core,2,PASS_STRICT_COMPLETE_ITEM_COUNTS,45916,24559,15,15,2102.0,,,,PASS,,activity_loss,risk_ratio,2.071179749195754,0.0552519917985528,1.8586054678936779,2.3080667885584774,1.172490322509887e-39,,,,,,,6832.0,548.0,6284.0,3591.0,486.0,3105.0,5452.0,170.0,5282.0,,,,,,,,,,,,,,,,
share,all_primary_wave_intervals,iadl_count_increase,basic,mutually_adjusted_components,core,2,PASS_STRICT_COMPLETE_ITEM_COUNTS,45916,24559,15,15,2102.0,,,,PASS,,work_loss,risk_ratio,1.4493802369617788,0.08193056096951917,1.2343630567829442,1.7018518658281416,5.901572169283513e-06,,,,,,,6832.0,548.0,6284.0,3591.0,486.0,3105.0,5452.0,170.0,5282.0,,,,,,,,,,,,,,,,
share,all_primary_wave_intervals,iadl_count_increase,full,any_withdrawal,core,2,PASS_STRICT_COMPLETE_ITEM_COUNTS,28763,17089,18,18,1419.0,9232.0,643.0,8589.0,PASS,,any_withdrawal,risk_ratio,1.513596042536015,0.05343568824418207,1.363092861008865,1.6807167328901347,8.7120217534704e-15,,,,,,,,,,,,,,,,,,,,,,,,,,,,,,,
share,all_primary_wave_intervals,iadl_count_increase,full,score_categorical,core,2,PASS_STRICT_COMPLETE_ITEM_COUNTS,28763,17089,19,19,1419.0,,,,PASS,,loss_1,risk_ratio,1.4064738402800185,0.05652670507331714,1.2589719100632968,1.5712571881707569,1.5988680695213203e-09,8002.0,489.0,7513.0,1230.0,154.0,1076.0,,,,,,,,,,,,,,,,,,,,,,,,,
share,all_primary_wave_intervals,iadl_count_increase,full,score_categorical,core,2,PASS_STRICT_COMPLETE_ITEM_COUNTS,28763,17089,19,19,1419.0,,,,PASS,,loss_2plus,risk_ratio,2.1772089582862986,0.09186398337795743,1.8184666814168873,2.6067229586789447,2.4640820396781516e-17,8002.0,489.0,7513.0,1230.0,154.0,1076.0,,,,,,,,,,,,,,,,,,,,,,,,,
share,all_primary_wave_intervals,iadl_count_increase,full,mutually_adjusted_components,core,2,PASS_STRICT_COMPLETE_ITEM_COUNTS,28763,17089,20,20,1419.0,,,,PASS,,alcohol_loss,risk_ratio,1.2748435085454357,0.06021197791650326,1.132933316394023,1.4345292417150517,5.511397163791583e-05,,,,,,,4710.0,383.0,4327.0,2373.0,322.0,2051.0,3424.0,97.0,3327.0,,,,,,,,,,,,,,,,
share,all_primary_wave_intervals,iadl_count_increase,full,mutually_adjusted_components,core,2,PASS_STRICT_COMPLETE_ITEM_COUNTS,28763,17089,20,20,1419.0,,,,PASS,,activity_loss,risk_ratio,1.7808929515959646,0.06648163049756182,1.563322392409497,2.028743220492055,3.9293445800876915e-18,,,,,,,4710.0,383.0,4327.0,2373.0,322.0,2051.0,3424.0,97.0,3327.0,,,,,,,,,,,,,,,,
share,all_primary_wave_intervals,iadl_count_increase,full,mutually_adjusted_components,core,2,PASS_STRICT_COMPLETE_ITEM_COUNTS,28763,17089,20,20,1419.0,,,,PASS,,work_loss,risk_ratio,1.258357938252439,0.10768756072862386,1.0189206765545444,1.5540608186668432,0.032840961971381845,,,,,,,4710.0,383.0,4327.0,2373.0,322.0,2051.0,3424.0,97.0,3327.0,,,,,,,,,,,,,,,,
share,all_primary_wave_intervals,word_recall_change,basic,any_withdrawal,core,2,PASS_BASELINE_ADJUSTED_CHANGE_CANDIDATE,44764,23926,13,13,,13369.0,,,PASS,,any_withdrawal,mean_difference,-0.37114411178660156,0.02916781341490045,-0.4283119755875907,-0.3139762479856124,4.325611146386069e-37,,,,,,,,,,,,,,,,,,,,,,,,,,,,-0.12113776491628946,0.00952008562810765,-0.13979678987711783,-0.10247873995546108
share,all_primary_wave_intervals,word_recall_change,basic,score_categorical,core,2,PASS_BASELINE_ADJUSTED_CHANGE_CANDIDATE,44764,23926,14,14,,,,,PASS,,loss_1,mean_difference,-0.3291464382321252,0.030384374837830852,-0.3886987186070387,-0.2695941578572117,2.4080374413235394e-27,11635.0,,,1734.0,,,,,,,,,,,,,,,,,,,,,,,,-0.10743013991428374,0.00991715923638277,-0.1268674148465427,-0.08799286498202477
share,all_primary_wave_intervals,word_recall_change,basic,score_categorical,core,2,PASS_BASELINE_ADJUSTED_CHANGE_CANDIDATE,44764,23926,14,14,,,,,PASS,,loss_2plus,mean_difference,-0.6706508870624825,0.0695813084638484,-0.8070277456487974,-0.5342740284761677,5.50514292963874e-22,11635.0,,,1734.0,,,,,,,,,,,,,,,,,,,,,,,,-0.21889381218201193,0.02271065044434251,-0.2634058691184018,-0.17438175524562205
share,all_primary_wave_intervals,word_recall_change,basic,mutually_adjusted_components,core,2,PASS_BASELINE_ADJUSTED_CHANGE_CANDIDATE,44764,23926,15,15,,,,,PASS,,alcohol_loss,mean_difference,-0.39046119832936854,0.037974432809659404,-0.46488971896963716,-0.31603267768909993,8.475892354797245e-25,,,,,,,6496.0,,,3353.0,,,5322.0,,,,,,,,,,,,,,,-0.12744267078485078,0.012394479040451309,-0.15173540331127192,-0.10314993825842965
share,all_primary_wave_intervals,word_recall_change,basic,mutually_adjusted_components,core,2,PASS_BASELINE_ADJUSTED_CHANGE_CANDIDATE,44764,23926,15,15,,,,,PASS,,activity_loss,mean_difference,-0.3473373879705643,0.05103867409386659,-0.4473713510132203,-0.2473034249279083,1.0078537939368059e-11,,,,,,,6496.0,,,3353.0,,,5322.0,,,,,,,,,,,,,,,-0.1133674858751597,0.01665851810031362,-0.146017581387583,-0.0807173903627364
share,all_primary_wave_intervals,word_recall_change,basic,mutually_adjusted_components,core,2,PASS_BASELINE_ADJUSTED_CHANGE_CANDIDATE,44764,23926,15,15,,,,,PASS,,work_loss,mean_difference,-0.2341126885205752,0.042107052145916854,-0.3166409942217222,-0.15158438281942818,2.6986722625381157e-08,,,,,,,6496.0,,,3353.0,,,5322.0,,,,,,,,,,,,,,,-0.07641206454659356,0.013743325091744476,-0.10334848675423837,-0.049475642338948765
share,all_primary_wave_intervals,word_recall_change,full,any_withdrawal,core,2,PASS_BASELINE_ADJUSTED_CHANGE_CANDIDATE,28080,16660,18,18,,8920.0,,,PASS,,any_withdrawal,mean_difference,-0.22344441943631668,0.035852417784082206,-0.29371386705180114,-0.15317497182083223,4.5952189400031764e-10,,,,,,,,,,,,,,,,,,,,,,,,,,,,-0.07288005031635567,0.011693852183279159,-0.0957995794361179,-0.04996052119659344
share,all_primary_wave_intervals,word_recall_change,full,score_categorical,core,2,PASS_BASELINE_ADJUSTED_CHANGE_CANDIDATE,28080,16660,19,19,,,,,PASS,,loss_1,mean_difference,-0.20346448139616732,0.03723919330361747,-0.2764519590845827,-0.13047700370775195,4.6626187760371015e-08,7766.0,,,1154.0,,,,,,,,,,,,,,,,,,,,,,,,-0.06636326688825683,0.01214617169027864,-0.09016932595124295,-0.04255720782527071
share,all_primary_wave_intervals,word_recall_change,full,score_categorical,core,2,PASS_BASELINE_ADJUSTED_CHANGE_CANDIDATE,28080,16660,19,19,,,,,PASS,,loss_2plus,mean_difference,-0.37176597411875434,0.08491855885151962,-0.5382032910867778,-0.20532865715073087,1.1982173269324102e-05,7766.0,,,1154.0,,,,,,,,,,,,,,,,,,,,,,,,-0.12125755016855938,0.027697576236201477,-0.17554380205056674,-0.06697129828655203
share,all_primary_wave_intervals,word_recall_change,full,mutually_adjusted_components,core,2,PASS_BASELINE_ADJUSTED_CHANGE_CANDIDATE,28080,16660,20,20,,,,,PASS,,alcohol_loss,mean_difference,-0.21525627883016415,0.04559927325567674,-0.30462921213249106,-0.12588334552783725,2.351411042679809e-06,,,,,,,4524.0,,,2234.0,,,3358.0,,,,,,,,,,,,,,,-0.07020935439618359,0.014872948439019444,-0.09935979768058291,-0.04105891111178426
share,all_primary_wave_intervals,word_recall_change,full,mutually_adjusted_components,core,2,PASS_BASELINE_ADJUSTED_CHANGE_CANDIDATE,28080,16660,20,20,,,,,PASS,,activity_loss,mean_difference,-0.24520572725864748,0.06183860524257177,-0.3664071663882779,-0.12400428812901702,7.33180783075155e-05,,,,,,,4524.0,,,2234.0,,,3358.0,,,,,,,,,,,,,,,-0.07997785662112751,0.020169672050620886,-0.11950968742032858,-0.04044602582192644
share,all_primary_wave_intervals,word_recall_change,full,mutually_adjusted_components,core,2,PASS_BASELINE_ADJUSTED_CHANGE_CANDIDATE,28080,16660,20,20,,,,,PASS,,work_loss,mean_difference,-0.11288693807396558,0.052920064769809386,-0.2166083590823189,-0.009165517065612236,0.032911645477418205,,,,,,,4524.0,,,2234.0,,,3358.0,,,,,,,,,,,,,,,-0.03681992035265286,0.017260744273220618,-0.07065035747452125,-0.0029894832307844526
