outcome_id,exposure_model,model_id,state_adjustment,term,k_cohorts,cohorts,cohort_estimates,n_total,not_evaluable,pooled_estimate,ci_low,ci_high,prediction_low,prediction_high,i2,tau2,entered_through_death_total
incident_any_adl,any,death_or_outcome,current_state_held,any_withdrawal,5,charls;elsa;hrs;klosa;share,charls:0.9689;elsa:1.2154;hrs:1.1811;klosa:1.0005;share:1.1682,131281,,1.1706537664272683,1.1018617498136458,1.2437406426732984,1.0921468660159874,1.2548039860696611,0.0,5.247987075597882e-13,4818
incident_any_adl,any,death_or_outcome,unconditional,any_withdrawal,5,charls;elsa;hrs;klosa;share,charls:1.1707;elsa:1.5254;hrs:1.4886;klosa:1.5828;share:1.5756,131281,,1.516434065324038,1.4281449459809055,1.610181292134709,1.3967436874219916,1.6463810040334406,36.51190827562453,0.00020066101168861246,4818
incident_any_adl,any,survivors,current_state_held,any_withdrawal,5,charls;elsa;hrs;klosa;share,charls:1.0311;elsa:1.2310;hrs:1.2438;klosa:1.0997;share:1.1196,126463,,1.206242113636656,1.1262447290799784,1.29192172814804,1.1149999529558823,1.3049507606285957,0.0,6.210630801328051e-13,4818
incident_any_adl,any,survivors,unconditional,any_withdrawal,5,charls;elsa;hrs;klosa;share,charls:1.1261;elsa:1.5043;hrs:1.4934;klosa:1.6074;share:1.5453,126463,,1.5024099998275495,1.4120666395893078,1.5985334858122011,1.399318979008613,1.6130959712852746,17.389912105488634,4.2300630066830894e-13,4818
incident_any_adl,graded,death_or_outcome,current_state_held,loss_1,4,elsa;hrs;klosa;share,elsa:1.2613;hrs:1.2346;klosa:1.0594;share:1.1913,130290,,1.2206305574329217,1.143976363099772,1.3024211039656424,1.1181558267002116,1.3324967076690577,0.0,4.2300630066830894e-13,4818
incident_any_adl,graded,death_or_outcome,current_state_held,loss_2plus,4,elsa;hrs;klosa;share,elsa:1.7484;hrs:1.6899;klosa:1.3481;share:1.3250,130290,,1.5649976593842347,1.25753602561628,1.9476322140972833,0.9861426570649192,2.4836342453411357,11.909321953047392,0.006797632817755848,4818
incident_any_adl,graded,death_or_outcome,unconditional,loss_1,4,elsa;hrs;klosa;share,elsa:1.4868;hrs:1.4418;klosa:1.5338;share:1.5401,130290,,1.4840279235129359,1.4065564939182467,1.565766385700625,1.3202817525370614,1.6680824934027063,4.413434977499455,0.0004545273698676831,4818
incident_any_adl,graded,death_or_outcome,unconditional,loss_2plus,4,elsa;hrs;klosa;share,elsa:2.2284;hrs:2.1419;klosa:2.7533;share:2.0772,130290,,2.1589724966552994,1.9434921531864158,2.3983437410189157,1.8728765934101244,2.488771688276052,0.0,4.2300630066830894e-13,4818
incident_any_adl,graded,survivors,current_state_held,loss_1,3,elsa;hrs;share,elsa:1.2659;hrs:1.2888;share:1.1070,109368,,1.236802402007836,1.0206727220567862,1.4986980141194053,0.5811841599860476,2.6320059749203693,25.812297917341017,0.0015400736401989593,4818
incident_any_adl,graded,survivors,current_state_held,loss_2plus,3,elsa;hrs;share,elsa:1.6771;hrs:1.7353;share:1.0345,109368,,1.4604177927344342,0.7169272134560516,2.9749465347447868,0.035360989945490154,60.31562274198521,72.00099847911,0.058409284502438256,4818
incident_any_adl,graded,survivors,unconditional,loss_1,3,elsa;hrs;share,elsa:1.4735;hrs:1.4551;share:1.5264,109368,,1.4755226433841546,1.3900978132309956,1.566197033343278,1.2372538416430323,1.7596769537996806,0.0,4.2300630066830894e-13,4818
incident_any_adl,graded,survivors,unconditional,loss_2plus,3,elsa;hrs;share,elsa:2.0757;hrs:2.0409;share:1.8239,109368,,1.991662031877818,1.7112968597092304,2.3179599884836293,1.2724314624905593,3.1174312850293178,0.0,4.2300630066830894e-13,4818
incident_any_iadl,any,death_or_outcome,current_state_held,any_withdrawal,5,charls;elsa;hrs;klosa;share,charls:0.8086;elsa:1.1438;hrs:1.1107;klosa:1.1831;share:0.9634,130134,,1.0757810906176355,0.9501028719869137,1.2180838402374703,0.8580532026878323,1.3487566403869105,36.377351106740534,0.00304703138222458,4440
incident_any_iadl,any,death_or_outcome,unconditional,any_withdrawal,5,charls;elsa;hrs;klosa;share,charls:1.1887;elsa:1.7506;hrs:1.5012;klosa:1.3825;share:1.5710,130134,,1.5112476360941745,1.3015996139106516,1.7546635641188866,1.0763067712683976,2.1219502455686996,73.79736123256028,0.008480463199924886,4440
incident_any_iadl,any,survivors,current_state_held,any_withdrawal,5,charls;elsa;hrs;klosa;share,charls:0.9121;elsa:1.1319;hrs:1.1259;klosa:1.2938;share:0.7511,125694,,1.0359146942048916,0.7888814334898698,1.3603048672629134,0.5153663449238145,2.082245502135478,79.23566933275555,0.038499690895579974,4440
incident_any_iadl,any,survivors,unconditional,any_withdrawal,5,charls;elsa;hrs;klosa;share,charls:1.1599;elsa:1.7575;hrs:1.4843;klosa:1.3318;share:1.5209,125694,,1.4815967355554158,1.2550579847402026,1.7490258725080798,1.0142557483822663,2.164275519571554,70.8368113146885,0.010607972168348405,4440
incident_any_iadl,graded,death_or_outcome,current_state_held,loss_1,4,elsa;hrs;klosa;share,elsa:1.1867;hrs:1.1532;klosa:1.2112;share:1.0126,129193,,1.1282354475418488,1.0014773719945447,1.2710374299868752,0.9032620264958942,1.409242487507297,18.401957287241466,0.0012692884412865814,4440
incident_any_iadl,graded,death_or_outcome,current_state_held,loss_2plus,4,elsa;hrs;klosa;share,elsa:1.5836;hrs:1.5100;klosa:1.4309;share:1.2646,129193,,1.4418803547537025,1.2405421194407398,1.6758955015263202,1.1765759891055556,1.767007806274504,0.0,5.440699511548508e-13,4440
incident_any_iadl,graded,death_or_outcome,unconditional,loss_1,4,elsa;hrs;klosa;share,elsa:1.7025;hrs:1.4548;klosa:1.3659;share:1.4975,129193,,1.4985314369950393,1.3050069419439612,1.7207544232043224,1.0494461713787033,2.1397919482733254,70.28258367043128,0.004966529605911864,4440
incident_any_iadl,graded,death_or_outcome,unconditional,loss_2plus,4,elsa;hrs;klosa;share,elsa:2.7461;hrs:2.2018;klosa:1.7297;share:2.5927,129193,,2.3293229693380946,1.7715274850435263,3.0627498253873986,1.2689886888370214,4.275645278177004,57.89172020426565,0.012527373926526541,4440
incident_any_iadl,graded,survivors,current_state_held,loss_1,3,elsa;hrs;share,elsa:1.1683;hrs:1.1506;share:0.7827,109600,,1.0212652381483716,0.5844641281391195,1.7845110357260285,0.04642544107093128,22.465757192413648,84.83748020943028,0.04235191536104974,4440
incident_any_iadl,graded,survivors,current_state_held,loss_2plus,3,elsa;hrs;share,elsa:1.5451;hrs:1.3893;share:0.9293,109600,,1.2524921589836433,0.6612232735682839,2.372476394924574,0.06241363857443854,25.13451617541142,52.350547464965445,0.033670188918055156,4440
incident_any_iadl,graded,survivors,unconditional,loss_1,3,elsa;hrs;share,elsa:1.7117;hrs:1.4519;share:1.4362,109600,,1.5175123607918053,1.199995430112193,1.919043779142238,0.4526915095690976,5.087004541675457,70.23601870314918,0.006085989400376499,4440
incident_any_iadl,graded,survivors,unconditional,loss_2plus,3,elsa;hrs;share,elsa:2.7420;hrs:2.0090;share:2.8047,109600,,2.4467910376108084,1.5094122465695339,3.9663030397022716,0.18983525953627933,31.53674610479012,70.06891567170025,0.027873420901574058,4440
multimorbidity_progression,any,death_or_outcome,current_state_held,any_withdrawal,5,charls;elsa;hrs;klosa;share,charls:0.7652;elsa:0.9580;hrs:1.0593;klosa:1.1508;share:1.0384,150952,,1.0469370726609541,0.9843152499897083,1.1135428757436687,0.9754774352922758,1.123631561793613,27.554315282011228,3.4737029522275124e-13,7625
multimorbidity_progression,any,death_or_outcome,unconditional,any_withdrawal,5,charls;elsa;hrs;klosa;share,charls:1.1154;elsa:1.2218;hrs:1.2882;klosa:1.1858;share:1.2464,150952,,1.2489076887561943,1.1974201362878047,1.3026091409067821,1.1470342196930572,1.3598290166545588,32.20791718109267,0.000484952431156707,7625
multimorbidity_progression,any,survivors,current_state_held,any_withdrawal,4,elsa;hrs;klosa;share,elsa:0.9655;hrs:1.0643;klosa:1.1572;share:1.0173,142183,,1.0428453568568767,0.9617669924792969,1.1307587459561903,0.9347537472744939,1.1634362969807814,19.581808207797458,4.2300630066830894e-13,7625
multimorbidity_progression,any,survivors,unconditional,any_withdrawal,5,charls;elsa;hrs;klosa;share,charls:1.0298;elsa:1.1541;hrs:1.1449;klosa:0.9949;share:1.1268,143327,,1.128100727891922,1.0728082312186922,1.1862429978045739,1.0628986988504718,1.1973024839023858,40.58237572317183,2.2334047453718753e-05,7625
multimorbidity_progression,graded,death_or_outcome,current_state_held,loss_1,4,elsa;hrs;klosa;share,elsa:0.9724;hrs:1.0854;klosa:1.1823;share:1.0546,149774,,1.070892195453277,0.9906427916826647,1.1576423953328483,0.9638502137650551,1.1898219016863572,36.14418276465548,4.2300630066830894e-13,7625
multimorbidity_progression,graded,death_or_outcome,current_state_held,loss_2plus,4,elsa;hrs;klosa;share,elsa:1.0948;hrs:1.2730;klosa:1.4574;share:1.1539,149774,,1.2268373235578693,1.0817117397851836,1.391433376486733,1.034822925422994,1.454480550727459,0.0,4.2300630066830894e-13,7625
multimorbidity_progression,graded,death_or_outcome,unconditional,loss_1,4,elsa;hrs;klosa;share,elsa:1.1973;hrs:1.2573;klosa:1.1714;share:1.2221,149774,,1.2286521056285955,1.1765620215038162,1.2830483808546806,1.1265212878686053,1.34004213939156,21.263726107162512,0.0002215176205342081,7625
multimorbidity_progression,graded,death_or_outcome,unconditional,loss_2plus,4,elsa;hrs;klosa;share,elsa:1.6273;hrs:1.6441;klosa:1.4231;share:1.5182,149774,,1.5810736765265738,1.4523659134879132,1.721187441394782,1.3398113090149573,1.8657806168565112,0.0,0.0007690106067463337,7625
multimorbidity_progression,graded,survivors,current_state_held,loss_1,4,elsa;hrs;klosa;share,elsa:0.9752;hrs:1.0772;klosa:1.1675;share:1.0250,142183,,1.0538338274228327,0.970242260771566,1.144627255194493,0.9424241077680992,1.1784139716573678,19.690038035354817,4.2300630066830894e-13,7625
multimorbidity_progression,graded,survivors,current_state_held,loss_2plus,4,elsa;hrs;klosa;share,elsa:1.0700;hrs:1.2041;klosa:1.3172;share:1.0835,142183,,1.1521570642147236,1.0280661751451747,1.2912261221243246,0.987644391052615,1.3440727377645507,0.0,4.2300630066830894e-13,7625
multimorbidity_progression,graded,survivors,unconditional,loss_1,4,elsa;hrs;klosa;share,elsa:1.1367;hrs:1.1300;klosa:0.9974;share:1.1138,142183,,1.1156496010947934,1.0531529474722094,1.1818549579246331,1.0319977770823898,1.2060820866706214,38.530097119565085,4.2300630066830894e-13,7625
multimorbidity_progression,graded,survivors,unconditional,loss_2plus,4,elsa;hrs;klosa;share,elsa:1.4446;hrs:1.3122;klosa:0.9571;share:1.2747,142183,,1.2922457191440642,1.1285348250973635,1.4797053325333493,1.0759870105478588,1.5519694775830977,25.890965063937426,4.2300630066830894e-13,7625
