outcome_id,context_id,model_id,state_adjustment,term,k_cohorts,cohorts,cohort_estimates,n_total,not_evaluable,pooled_estimate,ci_low,ci_high,prediction_low,prediction_high,i2,tau2
incident_any_adl,bmi_or_weight_loss,base_same_set_bmi_or_weight_loss,current_state_held,loss_1,3,elsa;hrs;share,elsa:1.2773;hrs:1.2306;share:1.1132,63818,,1.1910846023081416,1.0009106936547825,1.4173917202096082,0.7125957293954517,1.9908658883756134,0.0,4.2300630066830894e-13
incident_any_adl,bmi_or_weight_loss,base_same_set_bmi_or_weight_loss,current_state_held,loss_2plus,3,elsa;hrs;share,elsa:1.7275;hrs:1.8285;share:1.0675,63818,,1.4757685412827448,0.690502995497124,3.1540671099794975,0.029978569246379688,72.64832319183508,64.05475219278962,0.06287864789280415
incident_any_adl,bmi_or_weight_loss,base_same_set_bmi_or_weight_loss,unconditional,loss_1,3,elsa;hrs;share,elsa:1.4828;hrs:1.3821;share:1.5169,63818,,1.4597061608202218,1.2846572416557993,1.658607453292514,0.9114872203599342,2.337654361292207,2.6462451887849086,0.0004921046713619754
incident_any_adl,bmi_or_weight_loss,base_same_set_bmi_or_weight_loss,unconditional,loss_2plus,3,elsa;hrs;share,elsa:2.0866;hrs:2.0962;share:1.8454,63818,,1.983258063390741,1.6395371905305962,2.399038319302456,1.1305277609831395,3.4791826275755233,0.0,4.2300630066830894e-13
incident_any_adl,bmi_or_weight_loss,plus_bmi_or_weight_loss,unconditional,context_bmi_or_weight_loss,3,elsa;hrs;share,elsa:1.1303;hrs:1.1871;share:1.2657,63818,,1.216876563941189,1.0665842998733002,1.3883464926731226,0.8244741592548469,1.7960400034946387,0.0,4.2300630066830894e-13
incident_any_adl,bmi_or_weight_loss,plus_bmi_or_weight_loss,unconditional,loss_1,3,elsa;hrs;share,elsa:1.4811;hrs:1.3765;share:1.5048,63818,,1.4522842523029074,1.2827380901412582,1.6442402121657993,0.9456965328105542,2.230239274769049,0.0,0.0003073434139857893
incident_any_adl,bmi_or_weight_loss,plus_bmi_or_weight_loss,unconditional,loss_2plus,3,elsa;hrs;share,elsa:2.0829;hrs:2.0879;share:1.8291,63818,,1.9714126940611765,1.616425423862547,2.404359615316241,1.096869361401643,3.54323691322656,0.0,4.2300630066830894e-13
incident_any_adl,cesd_worsening,base_same_set_cesd_worsening,current_state_held,loss_1,2,elsa;hrs,elsa:1.2633;hrs:1.2896,75429,,,,,,,,
incident_any_adl,cesd_worsening,base_same_set_cesd_worsening,current_state_held,loss_2plus,2,elsa;hrs,elsa:1.6990;hrs:1.6988,75429,,,,,,,,
incident_any_adl,cesd_worsening,base_same_set_cesd_worsening,unconditional,loss_1,2,elsa;hrs,elsa:1.4629;hrs:1.4490,75429,,,,,,,,
incident_any_adl,cesd_worsening,base_same_set_cesd_worsening,unconditional,loss_2plus,2,elsa;hrs,elsa:2.0828;hrs:1.9854,75429,,,,,,,,
incident_any_adl,cesd_worsening,plus_cesd_worsening,unconditional,context_cesd_worsening,2,elsa;hrs,elsa:1.3210;hrs:1.3061,75429,,,,,,,,
incident_any_adl,cesd_worsening,plus_cesd_worsening,unconditional,loss_1,2,elsa;hrs,elsa:1.4385;hrs:1.4297,75429,,,,,,,,
incident_any_adl,cesd_worsening,plus_cesd_worsening,unconditional,loss_2plus,2,elsa;hrs,elsa:2.0382;hrs:1.9340,75429,,,,,,,,
incident_any_adl,fi_change,base_same_set_fi_change,current_state_held,loss_1,2,hrs;share,hrs:1.2976;share:1.1590,61886,,,,,,,,
incident_any_adl,fi_change,base_same_set_fi_change,current_state_held,loss_2plus,2,hrs;share,hrs:1.7282;share:1.0087,61886,,,,,,,,
incident_any_adl,fi_change,base_same_set_fi_change,unconditional,loss_1,2,hrs;share,hrs:1.4590;share:1.5452,61886,,,,,,,,
incident_any_adl,fi_change,base_same_set_fi_change,unconditional,loss_2plus,2,hrs;share,hrs:2.0275;share:1.6684,61886,,,,,,,,
incident_any_adl,fi_change,plus_fi_change,unconditional,context_fi_change,2,hrs;share,hrs:0.9762;share:0.9859,61886,,,,,,,,
incident_any_adl,fi_change,plus_fi_change,unconditional,loss_1,2,hrs;share,hrs:1.4627;share:1.5479,61886,,,,,,,,
incident_any_adl,fi_change,plus_fi_change,unconditional,loss_2plus,2,hrs;share,hrs:2.0425;share:1.6739,61886,,,,,,,,
incident_any_adl,incident_non_target_disease,base_same_set_incident_non_target_disease,current_state_held,loss_1,3,elsa;hrs;share,elsa:1.2599;hrs:1.2888;share:1.1083,109356,,1.2360163538801265,1.0230954545559947,1.4932491589674133,0.5898786649020341,2.5899163979982998,23.987786695197524,0.0014585861753746595
incident_any_adl,incident_non_target_disease,base_same_set_incident_non_target_disease,current_state_held,loss_2plus,3,elsa;hrs;share,elsa:1.6682;hrs:1.7353;share:1.0373,109356,,1.4597100282415862,0.7213887296103194,2.953682638901284,0.03680585104132941,57.89170216866942,71.60433902342874,0.05706287774403307
incident_any_adl,incident_non_target_disease,base_same_set_incident_non_target_disease,unconditional,loss_1,3,elsa;hrs;share,elsa:1.4693;hrs:1.4551;share:1.5276,109356,,1.4749578354189814,1.3878360494642201,1.5675487152129448,1.2322395216923105,1.7654851820335207,0.0,4.2300630066830894e-13
incident_any_adl,incident_non_target_disease,base_same_set_incident_non_target_disease,unconditional,loss_2plus,3,elsa;hrs;share,elsa:2.0742;hrs:2.0409;share:1.8276,109356,,1.9923897194283697,1.7168426316757712,2.31216112696899,1.2837310962897202,3.092249463736579,0.0,4.2300630066830894e-13
incident_any_adl,incident_non_target_disease,plus_incident_non_target_disease,unconditional,context_incident_non_target_disease,3,elsa;hrs;share,elsa:0.9821;hrs:0.9516;share:0.9557,109356,,0.9589586931940398,0.9244035620665865,0.9948055297370004,0.8604633636123983,1.0687285643304412,0.0,4.2300630066830894e-13
incident_any_adl,incident_non_target_disease,plus_incident_non_target_disease,unconditional,loss_1,3,elsa;hrs;share,elsa:1.4698;hrs:1.4557;share:1.5276,109356,,1.4753964005053273,1.3890508961922388,1.5671092719433495,1.2347104554328026,1.763000004613264,0.0,4.2300630066830894e-13
incident_any_adl,incident_non_target_disease,plus_incident_non_target_disease,unconditional,loss_2plus,3,elsa;hrs;share,elsa:2.0772;hrs:2.0450;share:1.8292,109356,,1.99575490472924,1.7176335010456996,2.3189100802504927,1.2812481832243146,3.108716712266735,0.0,4.2300630066830894e-13
incident_any_adl,joint_context,base_same_set_joint_context,current_state_held,loss_1,2,hrs;share,hrs:1.2915;share:1.1561,39348,,,,,,,,
incident_any_adl,joint_context,base_same_set_joint_context,current_state_held,loss_2plus,2,hrs;share,hrs:2.0681;share:1.0071,39348,,,,,,,,
incident_any_adl,joint_context,base_same_set_joint_context,unconditional,loss_1,2,hrs;share,hrs:1.3900;share:1.5451,39348,,,,,,,,
incident_any_adl,joint_context,base_same_set_joint_context,unconditional,loss_2plus,2,hrs;share,hrs:2.2153;share:1.6759,39348,,,,,,,,
incident_any_adl,joint_context,plus_joint_context,unconditional,context_bmi_or_weight_loss,2,hrs;share,hrs:1.1075;share:1.1400,39348,,,,,,,,
incident_any_adl,joint_context,plus_joint_context,unconditional,context_cesd_worsening,1,hrs,hrs:1.3564,16981,,,,,,,,
incident_any_adl,joint_context,plus_joint_context,unconditional,context_fi_change,2,hrs;share,hrs:0.9433;share:0.9848,39348,,,,,,,,
incident_any_adl,joint_context,plus_joint_context,unconditional,context_incident_non_target_disease,2,hrs;share,hrs:0.9196;share:0.9564,39348,,,,,,,,
incident_any_adl,joint_context,plus_joint_context,unconditional,context_self_rated_health_worsening,2,hrs;share,hrs:1.0780;share:1.0707,39348,,,,,,,,
incident_any_adl,joint_context,plus_joint_context,unconditional,context_transition_hospitalization,2,hrs;share,hrs:1.2603;share:1.2792,39348,,,,,,,,
incident_any_adl,joint_context,plus_joint_context,unconditional,loss_1,2,hrs;share,hrs:1.3527;share:1.5278,39348,,,,,,,,
incident_any_adl,joint_context,plus_joint_context,unconditional,loss_2plus,2,hrs;share,hrs:2.1391;share:1.6573,39348,,,,,,,,
incident_any_adl,joint_context_no_fi,base_same_set_joint_context_no_fi,current_state_held,loss_1,2,hrs;share,hrs:1.2407;share:1.1166,51665,,,,,,,,
incident_any_adl,joint_context_no_fi,base_same_set_joint_context_no_fi,current_state_held,loss_2plus,2,hrs;share,hrs:1.8243;share:1.0598,51665,,,,,,,,
incident_any_adl,joint_context_no_fi,base_same_set_joint_context_no_fi,unconditional,loss_1,2,hrs;share,hrs:1.3925;share:1.5215,51665,,,,,,,,
incident_any_adl,joint_context_no_fi,base_same_set_joint_context_no_fi,unconditional,loss_2plus,2,hrs;share,hrs:2.0888;share:1.8343,51665,,,,,,,,
incident_any_adl,joint_context_no_fi,plus_joint_context_no_fi,unconditional,context_bmi_or_weight_loss,2,hrs;share,hrs:1.1349;share:1.2400,51665,,,,,,,,
incident_any_adl,joint_context_no_fi,plus_joint_context_no_fi,unconditional,context_cesd_worsening,1,hrs,hrs:1.3769,20153,,,,,,,,
incident_any_adl,joint_context_no_fi,plus_joint_context_no_fi,unconditional,context_incident_non_target_disease,2,hrs;share,hrs:0.8912;share:0.9272,51665,,,,,,,,
incident_any_adl,joint_context_no_fi,plus_joint_context_no_fi,unconditional,context_self_rated_health_worsening,2,hrs;share,hrs:1.0983;share:1.0808,51665,,,,,,,,
incident_any_adl,joint_context_no_fi,plus_joint_context_no_fi,unconditional,context_transition_hospitalization,2,hrs;share,hrs:1.2889;share:1.2777,51665,,,,,,,,
incident_any_adl,joint_context_no_fi,plus_joint_context_no_fi,unconditional,loss_1,2,hrs;share,hrs:1.3430;share:1.4962,51665,,,,,,,,
incident_any_adl,joint_context_no_fi,plus_joint_context_no_fi,unconditional,loss_2plus,2,hrs;share,hrs:1.9645;share:1.8010,51665,,,,,,,,
incident_any_adl,self_rated_health_worsening,base_same_set_self_rated_health_worsening,current_state_held,loss_1,3,elsa;hrs;share,elsa:1.1878;hrs:1.2858;share:1.1076,104113,,1.2139084418759285,1.0000556959314106,1.4734916377684533,0.5170258961055108,2.850096516165466,25.853417441501747,0.002483583508260824
incident_any_adl,self_rated_health_worsening,base_same_set_self_rated_health_worsening,current_state_held,loss_2plus,3,elsa;hrs;share,elsa:1.4752;hrs:1.7235;share:1.0335,104113,,1.4024484419258259,0.7178092802944142,2.7400894447247257,0.041055146219377336,47.9077975206882,70.24536231232125,0.05299711596680259
incident_any_adl,self_rated_health_worsening,base_same_set_self_rated_health_worsening,unconditional,loss_1,3,elsa;hrs;share,elsa:1.4324;hrs:1.4533;share:1.5296,104113,,1.4687293335529361,1.3649536901875294,1.5803949033190139,1.1829392696575871,1.8235643287615806,0.0,4.2300630066830894e-13
incident_any_adl,self_rated_health_worsening,base_same_set_self_rated_health_worsening,unconditional,loss_2plus,3,elsa;hrs;share,elsa:1.9536;hrs:2.0306;share:1.8297,104113,,1.969013321876181,1.7210802805780379,2.2526627638913785,1.323264646173764,2.9298851691808627,0.0,4.2300630066830894e-13
incident_any_adl,self_rated_health_worsening,plus_self_rated_health_worsening,unconditional,context_self_rated_health_worsening,3,elsa;hrs;share,elsa:1.1479;hrs:1.1226;share:1.0856,104113,,1.1175174267976646,1.0539646342933322,1.1849023758124542,0.9400735858199305,1.3284547274107623,0.0,4.2300630066830894e-13
incident_any_adl,self_rated_health_worsening,plus_self_rated_health_worsening,unconditional,loss_1,3,elsa;hrs;share,elsa:1.4287;hrs:1.4475;share:1.5251,104113,,1.463618166969894,1.359224423455022,1.5760297576459783,1.1763182298495927,1.8210872571091732,0.0,4.2300630066830894e-13
incident_any_adl,self_rated_health_worsening,plus_self_rated_health_worsening,unconditional,loss_2plus,3,elsa;hrs;share,elsa:1.9311;hrs:2.0170;share:1.8196,104113,,1.9553345821963015,1.7111446735797273,2.2343717555654385,1.3186653548772016,2.899396207075468,0.0,4.2300630066830894e-13
incident_any_adl,transition_hospitalization,base_same_set_transition_hospitalization,current_state_held,loss_1,2,hrs;share,hrs:1.2839;share:1.1084,86222,,,,,,,,
incident_any_adl,transition_hospitalization,base_same_set_transition_hospitalization,current_state_held,loss_2plus,2,hrs;share,hrs:1.7207;share:1.0257,86222,,,,,,,,
incident_any_adl,transition_hospitalization,base_same_set_transition_hospitalization,unconditional,loss_1,2,hrs;share,hrs:1.4540;share:1.5275,86222,,,,,,,,
incident_any_adl,transition_hospitalization,base_same_set_transition_hospitalization,unconditional,loss_2plus,2,hrs;share,hrs:2.0348;share:1.8060,86222,,,,,,,,
incident_any_adl,transition_hospitalization,plus_transition_hospitalization,unconditional,context_transition_hospitalization,2,hrs;share,hrs:1.3611;share:1.2827,86222,,,,,,,,
incident_any_adl,transition_hospitalization,plus_transition_hospitalization,unconditional,loss_1,2,hrs;share,hrs:1.4306;share:1.5178,86222,,,,,,,,
incident_any_adl,transition_hospitalization,plus_transition_hospitalization,unconditional,loss_2plus,2,hrs;share,hrs:1.9494;share:1.7924,86222,,,,,,,,
incident_any_iadl,bmi_or_weight_loss,base_same_set_bmi_or_weight_loss,current_state_held,loss_1,2,hrs;share,hrs:1.2253;share:0.7789,51820,,,,,,,,
incident_any_iadl,bmi_or_weight_loss,base_same_set_bmi_or_weight_loss,current_state_held,loss_2plus,2,hrs;share,hrs:1.2928;share:0.9335,51820,,,,,,,,
incident_any_iadl,bmi_or_weight_loss,base_same_set_bmi_or_weight_loss,unconditional,loss_1,2,hrs;share,hrs:1.4100;share:1.4317,51820,,,,,,,,
incident_any_iadl,bmi_or_weight_loss,base_same_set_bmi_or_weight_loss,unconditional,loss_2plus,2,hrs;share,hrs:1.5903;share:2.8260,51820,,,,,,,,
incident_any_iadl,bmi_or_weight_loss,plus_bmi_or_weight_loss,unconditional,context_bmi_or_weight_loss,2,hrs;share,hrs:1.4869;share:1.3375,51820,,,,,,,,
incident_any_iadl,bmi_or_weight_loss,plus_bmi_or_weight_loss,unconditional,loss_1,2,hrs;share,hrs:1.3989;share:1.4216,51820,,,,,,,,
incident_any_iadl,bmi_or_weight_loss,plus_bmi_or_weight_loss,unconditional,loss_2plus,2,hrs;share,hrs:1.5686;share:2.7923,51820,,,,,,,,
incident_any_iadl,cesd_worsening,base_same_set_cesd_worsening,current_state_held,loss_1,2,elsa;hrs,elsa:1.1848;hrs:1.1383,75134,,,,,,,,
incident_any_iadl,cesd_worsening,base_same_set_cesd_worsening,current_state_held,loss_2plus,2,elsa;hrs,elsa:1.5932;hrs:1.3992,75134,,,,,,,,
incident_any_iadl,cesd_worsening,base_same_set_cesd_worsening,unconditional,loss_1,2,elsa;hrs,elsa:1.7205;hrs:1.4477,75134,,,,,,,,
incident_any_iadl,cesd_worsening,base_same_set_cesd_worsening,unconditional,loss_2plus,2,elsa;hrs,elsa:2.7763;hrs:2.0495,75134,,,,,,,,
incident_any_iadl,cesd_worsening,plus_cesd_worsening,unconditional,context_cesd_worsening,2,elsa;hrs,elsa:1.2169;hrs:1.2958,75134,,,,,,,,
incident_any_iadl,cesd_worsening,plus_cesd_worsening,unconditional,loss_1,2,elsa;hrs,elsa:1.7060;hrs:1.4267,75134,,,,,,,,
incident_any_iadl,cesd_worsening,plus_cesd_worsening,unconditional,loss_2plus,2,elsa;hrs,elsa:2.7462;hrs:1.9924,75134,,,,,,,,
incident_any_iadl,fi_change,base_same_set_fi_change,current_state_held,loss_1,2,hrs;share,hrs:1.0819;share:0.7953,60205,,,,,,,,
incident_any_iadl,fi_change,base_same_set_fi_change,current_state_held,loss_2plus,2,hrs;share,hrs:1.2912;share:0.8438,60205,,,,,,,,
incident_any_iadl,fi_change,base_same_set_fi_change,unconditional,loss_1,2,hrs;share,hrs:1.4379;share:1.4401,60205,,,,,,,,
incident_any_iadl,fi_change,base_same_set_fi_change,unconditional,loss_2plus,2,hrs;share,hrs:2.0488;share:2.4602,60205,,,,,,,,
incident_any_iadl,fi_change,plus_fi_change,unconditional,context_fi_change,2,hrs;share,hrs:0.9992;share:1.0601,60205,,,,,,,,
incident_any_iadl,fi_change,plus_fi_change,unconditional,loss_1,2,hrs;share,hrs:1.4380;share:1.4318,60205,,,,,,,,
incident_any_iadl,fi_change,plus_fi_change,unconditional,loss_2plus,2,hrs;share,hrs:2.0492;share:2.3963,60205,,,,,,,,
incident_any_iadl,incident_non_target_disease,base_same_set_incident_non_target_disease,current_state_held,loss_1,3,elsa;hrs;share,elsa:1.1576;hrs:1.1506;share:0.7841,109588,,1.0190120744637898,0.5884780182760261,1.764527434593047,0.0489283082137378,21.22259374607692,84.5004237148039,0.04081671640860812
incident_any_iadl,incident_non_target_disease,base_same_set_incident_non_target_disease,current_state_held,loss_2plus,3,elsa;hrs;share,elsa:1.5280;hrs:1.3893;share:0.9325,109588,,1.2506461460942095,0.6697237282612011,2.3354641873018327,0.06819833577722782,22.934808671131456,50.641442659413514,0.03134496335248325
incident_any_iadl,incident_non_target_disease,base_same_set_incident_non_target_disease,unconditional,loss_1,3,elsa;hrs;share,elsa:1.7036;hrs:1.4519;share:1.4374,109588,,1.515008062628152,1.2076400292511222,1.9006072788524817,0.47725730619030526,4.809249434335702,68.25524843028202,0.005487255652870902
incident_any_iadl,incident_non_target_disease,base_same_set_incident_non_target_disease,unconditional,loss_2plus,3,elsa;hrs;share,elsa:2.7386;hrs:2.0090;share:2.8108,109588,,2.448267707341143,1.5083261467081137,3.9739513764256174,0.18801069538383544,31.88124353549306,70.32194455600309,0.02812987970775366
incident_any_iadl,incident_non_target_disease,plus_incident_non_target_disease,unconditional,context_incident_non_target_disease,3,elsa;hrs;share,elsa:0.9189;hrs:0.9384;share:0.9863,109588,,0.9526321230977017,0.8745883737848864,1.0376400935108303,0.7401185706334283,1.226165641514638,0.0,4.2300630066830894e-13
incident_any_iadl,incident_non_target_disease,plus_incident_non_target_disease,unconditional,loss_1,3,elsa;hrs;share,elsa:1.7063;hrs:1.4523;share:1.4372,109588,,1.5160973067379644,1.2057491988449558,1.906325996898858,0.4701641507668962,4.888826678403462,68.8459912460849,0.005657060988411358
incident_any_iadl,incident_non_target_disease,plus_incident_non_target_disease,unconditional,loss_2plus,3,elsa;hrs;share,elsa:2.7450;hrs:2.0119;share:2.8109,109588,,2.4510742400588232,1.511353327901275,3.975089622902778,0.18947108812165164,31.708082693981247,70.18931619331742,0.027965483159664566
incident_any_iadl,joint_context,base_same_set_joint_context,current_state_held,loss_1,2,hrs;share,hrs:1.1383;share:0.8055,39036,,,,,,,,
incident_any_iadl,joint_context,base_same_set_joint_context,current_state_held,loss_2plus,2,hrs;share,hrs:1.1705;share:0.8521,39036,,,,,,,,
incident_any_iadl,joint_context,base_same_set_joint_context,unconditional,loss_1,2,hrs;share,hrs:1.3995;share:1.4480,39036,,,,,,,,
incident_any_iadl,joint_context,base_same_set_joint_context,unconditional,loss_2plus,2,hrs;share,hrs:1.6412;share:2.4460,39036,,,,,,,,
incident_any_iadl,joint_context,plus_joint_context,unconditional,context_bmi_or_weight_loss,2,hrs;share,hrs:1.4437;share:1.3933,39036,,,,,,,,
incident_any_iadl,joint_context,plus_joint_context,unconditional,context_cesd_worsening,1,hrs,hrs:1.2661,15912,,,,,,,,
incident_any_iadl,joint_context,plus_joint_context,unconditional,context_fi_change,2,hrs;share,hrs:0.9817;share:1.0696,39036,,,,,,,,
incident_any_iadl,joint_context,plus_joint_context,unconditional,context_incident_non_target_disease,2,hrs;share,hrs:0.8493;share:0.8752,39036,,,,,,,,
incident_any_iadl,joint_context,plus_joint_context,unconditional,context_self_rated_health_worsening,2,hrs;share,hrs:1.1222;share:1.0566,39036,,,,,,,,
incident_any_iadl,joint_context,plus_joint_context,unconditional,context_transition_hospitalization,2,hrs;share,hrs:1.3896;share:1.2391,39036,,,,,,,,
incident_any_iadl,joint_context,plus_joint_context,unconditional,loss_1,2,hrs;share,hrs:1.3459;share:1.4152,39036,,,,,,,,
incident_any_iadl,joint_context,plus_joint_context,unconditional,loss_2plus,2,hrs;share,hrs:1.5159;share:2.2879,39036,,,,,,,,
incident_any_iadl,joint_context_no_fi,base_same_set_joint_context_no_fi,current_state_held,loss_1,2,hrs;share,hrs:1.1833;share:0.7809,51566,,,,,,,,
incident_any_iadl,joint_context_no_fi,base_same_set_joint_context_no_fi,current_state_held,loss_2plus,2,hrs;share,hrs:1.2525;share:0.9301,51566,,,,,,,,
incident_any_iadl,joint_context_no_fi,base_same_set_joint_context_no_fi,unconditional,loss_1,2,hrs;share,hrs:1.3977;share:1.4326,51566,,,,,,,,
incident_any_iadl,joint_context_no_fi,base_same_set_joint_context_no_fi,unconditional,loss_2plus,2,hrs;share,hrs:1.6102;share:2.8076,51566,,,,,,,,
incident_any_iadl,joint_context_no_fi,plus_joint_context_no_fi,unconditional,context_bmi_or_weight_loss,2,hrs;share,hrs:1.4517;share:1.3116,51566,,,,,,,,
incident_any_iadl,joint_context_no_fi,plus_joint_context_no_fi,unconditional,context_cesd_worsening,1,hrs,hrs:1.3216,18960,,,,,,,,
incident_any_iadl,joint_context_no_fi,plus_joint_context_no_fi,unconditional,context_incident_non_target_disease,2,hrs;share,hrs:0.8686;share:0.9631,51566,,,,,,,,
incident_any_iadl,joint_context_no_fi,plus_joint_context_no_fi,unconditional,context_self_rated_health_worsening,2,hrs;share,hrs:1.1842;share:1.1482,51566,,,,,,,,
incident_any_iadl,joint_context_no_fi,plus_joint_context_no_fi,unconditional,context_transition_hospitalization,2,hrs;share,hrs:1.3469;share:1.2635,51566,,,,,,,,
incident_any_iadl,joint_context_no_fi,plus_joint_context_no_fi,unconditional,loss_1,2,hrs;share,hrs:1.3385;share:1.4104,51566,,,,,,,,
incident_any_iadl,joint_context_no_fi,plus_joint_context_no_fi,unconditional,loss_2plus,2,hrs;share,hrs:1.4749;share:2.7174,51566,,,,,,,,
incident_any_iadl,self_rated_health_worsening,base_same_set_self_rated_health_worsening,current_state_held,loss_1,3,elsa;hrs;share,elsa:1.1346;hrs:1.1497;share:0.7830,103708,,1.0095660011240484,0.5880631679604149,1.733187123690444,0.051245968481293286,19.888852544520795,84.00628499725438,0.039251407243834996
incident_any_iadl,self_rated_health_worsening,base_same_set_self_rated_health_worsening,current_state_held,loss_2plus,3,elsa;hrs;share,elsa:1.1238;hrs:1.3939;share:0.9308,103708,,1.167132173839958,0.674985641727878,2.018113315307467,0.08078887405310158,16.861201832284838,42.064252448548004,0.027972982542813756
incident_any_iadl,self_rated_health_worsening,base_same_set_self_rated_health_worsening,unconditional,loss_1,3,elsa;hrs;share,elsa:1.8447;hrs:1.4505;share:1.4361,103708,,1.554893244597741,1.1032813960457786,2.1913656939751145,0.23623636835218925,10.234211687894351,82.78247072716928,0.015633492940960104
incident_any_iadl,self_rated_health_worsening,base_same_set_self_rated_health_worsening,unconditional,loss_2plus,3,elsa;hrs;share,elsa:2.3870;hrs:2.0153;share:2.8080,103708,,2.368076417091046,1.5061379766301346,3.723288307044581,0.210254548938146,26.671413034837595,65.68548341458697,0.02525804117483649
incident_any_iadl,self_rated_health_worsening,plus_self_rated_health_worsening,unconditional,context_self_rated_health_worsening,3,elsa;hrs;share,elsa:1.1780;hrs:1.1507;share:1.1557,103708,,1.1566237848872674,1.12802855653662,1.1859438947842973,1.0742017086728952,1.2453699979863972,0.0,4.2300630066830894e-13
incident_any_iadl,self_rated_health_worsening,plus_self_rated_health_worsening,unconditional,loss_1,3,elsa;hrs;share,elsa:1.8368;hrs:1.4445;share:1.4314,103708,,1.5487757079395514,1.0999869963213835,2.1806677729150428,0.23677928011267851,10.130557844259695,82.67439939646162,0.015523356172514834
incident_any_iadl,self_rated_health_worsening,plus_self_rated_health_worsening,unconditional,loss_2plus,3,elsa;hrs;share,elsa:2.3617;hrs:2.0057;share:2.7758,103708,,2.3476262172706748,1.505867654717652,3.6599158224498742,0.22015234460626296,25.034250104733296,64.27072268005057,0.02404781732151745
incident_any_iadl,transition_hospitalization,base_same_set_transition_hospitalization,current_state_held,loss_1,2,hrs;share,hrs:1.1491;share:0.7829,83959,,,,,,,,
incident_any_iadl,transition_hospitalization,base_same_set_transition_hospitalization,current_state_held,loss_2plus,2,hrs;share,hrs:1.3764;share:0.9213,83959,,,,,,,,
incident_any_iadl,transition_hospitalization,base_same_set_transition_hospitalization,unconditional,loss_1,2,hrs;share,hrs:1.4517;share:1.4363,83959,,,,,,,,
incident_any_iadl,transition_hospitalization,base_same_set_transition_hospitalization,unconditional,loss_2plus,2,hrs;share,hrs:1.9956;share:2.7804,83959,,,,,,,,
incident_any_iadl,transition_hospitalization,plus_transition_hospitalization,unconditional,context_transition_hospitalization,2,hrs;share,hrs:1.3498;share:1.2927,83959,,,,,,,,
incident_any_iadl,transition_hospitalization,plus_transition_hospitalization,unconditional,loss_1,2,hrs;share,hrs:1.4274;share:1.4277,83959,,,,,,,,
incident_any_iadl,transition_hospitalization,plus_transition_hospitalization,unconditional,loss_2plus,2,hrs;share,hrs:1.9290;share:2.7423,83959,,,,,,,,
mortality,bmi_or_weight_loss,base_same_set_bmi_or_weight_loss,current_state_held,loss_1,2,hrs;share,hrs:1.0771;share:1.3506,68725,,,,,,,,
mortality,bmi_or_weight_loss,base_same_set_bmi_or_weight_loss,current_state_held,loss_2plus,2,hrs;share,hrs:1.4132;share:2.0008,68725,,,,,,,,
mortality,bmi_or_weight_loss,base_same_set_bmi_or_weight_loss,unconditional,loss_1,2,hrs;share,hrs:1.5682;share:1.9010,68725,,,,,,,,
mortality,bmi_or_weight_loss,base_same_set_bmi_or_weight_loss,unconditional,loss_2plus,2,hrs;share,hrs:2.7358;share:3.5725,68725,,,,,,,,
mortality,bmi_or_weight_loss,plus_bmi_or_weight_loss,unconditional,context_bmi_or_weight_loss,2,hrs;share,hrs:2.2090;share:2.3049,68725,,,,,,,,
mortality,bmi_or_weight_loss,plus_bmi_or_weight_loss,unconditional,loss_1,2,hrs;share,hrs:1.5246;share:1.7951,68725,,,,,,,,
mortality,bmi_or_weight_loss,plus_bmi_or_weight_loss,unconditional,loss_2plus,2,hrs;share,hrs:2.5952;share:3.0729,68725,,,,,,,,
mortality,cesd_worsening,base_same_set_cesd_worsening,current_state_held,loss_1,2,elsa;hrs,elsa:1.0293;hrs:1.1246,97660,,,,,,,,
mortality,cesd_worsening,base_same_set_cesd_worsening,current_state_held,loss_2plus,2,elsa;hrs,elsa:1.2905;hrs:1.7072,97660,,,,,,,,
mortality,cesd_worsening,base_same_set_cesd_worsening,unconditional,loss_1,2,elsa;hrs,elsa:1.7909;hrs:1.5888,97660,,,,,,,,
mortality,cesd_worsening,base_same_set_cesd_worsening,unconditional,loss_2plus,2,elsa;hrs,elsa:3.4173;hrs:3.0787,97660,,,,,,,,
mortality,cesd_worsening,plus_cesd_worsening,unconditional,context_cesd_worsening,2,elsa;hrs,elsa:1.3027;hrs:1.2734,97660,,,,,,,,
mortality,cesd_worsening,plus_cesd_worsening,unconditional,loss_1,2,elsa;hrs,elsa:1.7710;hrs:1.5657,97660,,,,,,,,
mortality,cesd_worsening,plus_cesd_worsening,unconditional,loss_2plus,2,elsa;hrs,elsa:3.3281;hrs:2.9637,97660,,,,,,,,
mortality,fi_change,base_same_set_fi_change,current_state_held,loss_1,2,hrs;share,hrs:1.1351;share:1.3773,81443,,,,,,,,
mortality,fi_change,base_same_set_fi_change,current_state_held,loss_2plus,2,hrs;share,hrs:1.7121;share:2.0303,81443,,,,,,,,
mortality,fi_change,base_same_set_fi_change,unconditional,loss_1,2,hrs;share,hrs:1.6353;share:1.7982,81443,,,,,,,,
mortality,fi_change,base_same_set_fi_change,unconditional,loss_2plus,2,hrs;share,hrs:3.2044;share:3.1340,81443,,,,,,,,
mortality,fi_change,plus_fi_change,unconditional,context_fi_change,2,hrs;share,hrs:1.1451;share:1.1125,81443,,,,,,,,
mortality,fi_change,plus_fi_change,unconditional,loss_1,2,hrs;share,hrs:1.5393;share:1.6631,81443,,,,,,,,
mortality,fi_change,plus_fi_change,unconditional,loss_2plus,2,hrs;share,hrs:2.8134;share:2.6365,81443,,,,,,,,
mortality,incident_non_target_disease,base_same_set_incident_non_target_disease,current_state_held,loss_1,3,elsa;hrs;share,elsa:1.0467;hrs:1.1917;share:1.3431,145372,,1.2170606195776252,1.0028237315107662,1.4770657147245332,0.6870562528444546,2.1559174312063445,0.09062738225779009,4.2300630066830894e-13
mortality,incident_non_target_disease,base_same_set_incident_non_target_disease,current_state_held,loss_2plus,3,elsa;hrs;share,elsa:1.3922;hrs:1.7846;share:1.9343,145372,,1.8009950523351708,1.459256631225532,2.222764049262326,0.9675086995670552,3.3525106079017335,0.0,5.450097966609688e-13
mortality,incident_non_target_disease,base_same_set_incident_non_target_disease,unconditional,loss_1,3,elsa;hrs;share,elsa:1.7890;hrs:1.7177;share:1.8954,145372,,1.7869780858692645,1.5584894839812264,2.04896517570307,0.8996761941573707,3.5493777651500387,37.3120555856445,0.0019059344071534967
mortality,incident_non_target_disease,base_same_set_incident_non_target_disease,unconditional,loss_2plus,3,elsa;hrs;share,elsa:3.5496;hrs:3.3540;share:3.4435,145372,,3.388911663147669,3.229546648273997,3.5561406944706024,2.9395785934210945,3.9069281176293806,0.0,4.4472884830955055e-13
mortality,incident_non_target_disease,plus_incident_non_target_disease,unconditional,context_incident_non_target_disease,3,elsa;hrs;share,elsa:1.5273;hrs:1.2797;share:1.1837,145372,,1.2899653455089721,0.9711431470116373,1.713455526854623,0.3274685273549703,5.081436698832199,65.44099924866656,0.007288459226946245
mortality,incident_non_target_disease,plus_incident_non_target_disease,unconditional,loss_1,3,elsa;hrs;share,elsa:1.7858;hrs:1.7051;share:1.8927,145372,,1.780520302627519,1.5402870755091027,2.058221872063002,0.8476445687955475,3.7400729796140046,44.50061175837435,0.0022772947782639854
mortality,incident_non_target_disease,plus_incident_non_target_disease,unconditional,loss_2plus,3,elsa;hrs;share,elsa:3.5816;hrs:3.3027;share:3.4018,145372,,3.344378452252452,3.141899047711717,3.559906624000723,2.781106793552616,4.021732375693072,0.0,4.4596371357229797e-13
mortality,joint_context,base_same_set_joint_context,current_state_held,loss_1,2,hrs;share,hrs:1.0768;share:1.3741,51484,,,,,,,,
mortality,joint_context,base_same_set_joint_context,current_state_held,loss_2plus,2,hrs;share,hrs:1.3718;share:1.9512,51484,,,,,,,,
mortality,joint_context,base_same_set_joint_context,unconditional,loss_1,2,hrs;share,hrs:1.5890;share:1.8087,51484,,,,,,,,
mortality,joint_context,base_same_set_joint_context,unconditional,loss_2plus,2,hrs;share,hrs:2.7324;share:3.0851,51484,,,,,,,,
mortality,joint_context,plus_joint_context,unconditional,context_bmi_or_weight_loss,2,hrs;share,hrs:2.0733;share:1.9957,51484,,,,,,,,
mortality,joint_context,plus_joint_context,unconditional,context_cesd_worsening,1,hrs,hrs:1.2276,21278,,,,,,,,
mortality,joint_context,plus_joint_context,unconditional,context_fi_change,2,hrs;share,hrs:1.0908;share:1.0752,51484,,,,,,,,
mortality,joint_context,plus_joint_context,unconditional,context_incident_non_target_disease,2,hrs;share,hrs:1.0517;share:1.0392,51484,,,,,,,,
mortality,joint_context,plus_joint_context,unconditional,context_self_rated_health_worsening,2,hrs;share,hrs:1.2452;share:1.2370,51484,,,,,,,,
mortality,joint_context,plus_joint_context,unconditional,context_transition_hospitalization,2,hrs;share,hrs:1.6239;share:1.5810,51484,,,,,,,,
mortality,joint_context,plus_joint_context,unconditional,loss_1,2,hrs;share,hrs:1.4052;share:1.5711,51484,,,,,,,,
mortality,joint_context,plus_joint_context,unconditional,loss_2plus,2,hrs;share,hrs:2.1230;share:2.2408,51484,,,,,,,,
mortality,joint_context_no_fi,base_same_set_joint_context_no_fi,current_state_held,loss_1,2,hrs;share,hrs:1.0269;share:1.3471,68249,,,,,,,,
mortality,joint_context_no_fi,base_same_set_joint_context_no_fi,current_state_held,loss_2plus,2,hrs;share,hrs:1.2787;share:1.9880,68249,,,,,,,,
mortality,joint_context_no_fi,base_same_set_joint_context_no_fi,unconditional,loss_1,2,hrs;share,hrs:1.5736;share:1.8947,68249,,,,,,,,
mortality,joint_context_no_fi,base_same_set_joint_context_no_fi,unconditional,loss_2plus,2,hrs;share,hrs:2.7232;share:3.5465,68249,,,,,,,,
mortality,joint_context_no_fi,plus_joint_context_no_fi,unconditional,context_bmi_or_weight_loss,2,hrs;share,hrs:2.0487;share:2.0916,68249,,,,,,,,
mortality,joint_context_no_fi,plus_joint_context_no_fi,unconditional,context_cesd_worsening,1,hrs,hrs:1.2632,25252,,,,,,,,
mortality,joint_context_no_fi,plus_joint_context_no_fi,unconditional,context_incident_non_target_disease,2,hrs;share,hrs:1.0966;share:1.0918,68249,,,,,,,,
mortality,joint_context_no_fi,plus_joint_context_no_fi,unconditional,context_self_rated_health_worsening,2,hrs;share,hrs:1.2845;share:1.3441,68249,,,,,,,,
mortality,joint_context_no_fi,plus_joint_context_no_fi,unconditional,context_transition_hospitalization,2,hrs;share,hrs:1.6881;share:1.6909,68249,,,,,,,,
mortality,joint_context_no_fi,plus_joint_context_no_fi,unconditional,loss_1,2,hrs;share,hrs:1.4356;share:1.6886,68249,,,,,,,,
mortality,joint_context_no_fi,plus_joint_context_no_fi,unconditional,loss_2plus,2,hrs;share,hrs:2.2419;share:2.7259,68249,,,,,,,,
mortality,self_rated_health_worsening,base_same_set_self_rated_health_worsening,current_state_held,loss_1,2,hrs;share,hrs:1.1886;share:1.3355,116320,,,,,,,,
mortality,self_rated_health_worsening,base_same_set_self_rated_health_worsening,current_state_held,loss_2plus,2,hrs;share,hrs:1.7722;share:1.9376,116320,,,,,,,,
mortality,self_rated_health_worsening,base_same_set_self_rated_health_worsening,unconditional,loss_1,2,hrs;share,hrs:1.7160;share:1.8919,116320,,,,,,,,
mortality,self_rated_health_worsening,base_same_set_self_rated_health_worsening,unconditional,loss_2plus,2,hrs;share,hrs:3.3429;share:3.4752,116320,,,,,,,,
mortality,self_rated_health_worsening,plus_self_rated_health_worsening,unconditional,context_self_rated_health_worsening,2,hrs;share,hrs:1.3469;share:1.4850,116320,,,,,,,,
mortality,self_rated_health_worsening,plus_self_rated_health_worsening,unconditional,loss_1,2,hrs;share,hrs:1.6821;share:1.8340,116320,,,,,,,,
mortality,self_rated_health_worsening,plus_self_rated_health_worsening,unconditional,loss_2plus,2,hrs;share,hrs:3.1900;share:3.2739,116320,,,,,,,,
mortality,transition_hospitalization,base_same_set_transition_hospitalization,current_state_held,loss_1,2,hrs;share,hrs:1.1807;share:1.3412,116230,,,,,,,,
mortality,transition_hospitalization,base_same_set_transition_hospitalization,current_state_held,loss_2plus,2,hrs;share,hrs:1.7475;share:1.9440,116230,,,,,,,,
mortality,transition_hospitalization,base_same_set_transition_hospitalization,unconditional,loss_1,2,hrs;share,hrs:1.7143;share:1.8920,116230,,,,,,,,
mortality,transition_hospitalization,base_same_set_transition_hospitalization,unconditional,loss_2plus,2,hrs;share,hrs:3.3391;share:3.4602,116230,,,,,,,,
mortality,transition_hospitalization,plus_transition_hospitalization,unconditional,context_transition_hospitalization,2,hrs;share,hrs:1.6888;share:1.8634,116230,,,,,,,,
mortality,transition_hospitalization,plus_transition_hospitalization,unconditional,loss_1,2,hrs;share,hrs:1.6386;share:1.8114,116230,,,,,,,,
mortality,transition_hospitalization,plus_transition_hospitalization,unconditional,loss_2plus,2,hrs;share,hrs:3.0206;share:3.1277,116230,,,,,,,,
multimorbidity_progression,bmi_or_weight_loss,base_same_set_bmi_or_weight_loss,current_state_held,loss_1,3,elsa;hrs;share,elsa:0.8101;hrs:1.0993;share:1.0240,72057,,0.9868182290554103,0.6806217902087659,1.4307655605580318,0.143728336067419,6.7753530294768645,72.59796303244396,0.015535609659018424
multimorbidity_progression,bmi_or_weight_loss,base_same_set_bmi_or_weight_loss,current_state_held,loss_2plus,3,elsa;hrs;share,elsa:0.8396;hrs:1.0754;share:1.0959,72057,,1.0619454561733228,0.8376291717678163,1.3463334252161927,0.526966543586502,2.140037476026311,0.0,4.2300630066830894e-13
multimorbidity_progression,bmi_or_weight_loss,base_same_set_bmi_or_weight_loss,unconditional,loss_1,3,elsa;hrs;share,elsa:1.0801;hrs:1.1094;share:1.1142,72057,,1.1088298021508347,1.0766999249007678,1.1419184692997673,1.0166069378951255,1.2094187874455529,0.0,4.2300630066830894e-13
multimorbidity_progression,bmi_or_weight_loss,base_same_set_bmi_or_weight_loss,unconditional,loss_2plus,3,elsa;hrs;share,elsa:1.4944;hrs:1.0928;share:1.2932,72057,,1.2562535171315683,0.9031110905508463,1.747484795411869,0.3102767395693837,5.086339702730203,43.53534652173062,0.006228886900314667
multimorbidity_progression,bmi_or_weight_loss,plus_bmi_or_weight_loss,unconditional,context_bmi_or_weight_loss,3,elsa;hrs;share,elsa:1.0822;hrs:0.8551;share:1.0650,72057,,0.9968069050168505,0.7231263684842071,1.374066897839825,0.1890990996500706,5.2545147371298,70.40023009072429,0.01155011790191296
multimorbidity_progression,bmi_or_weight_loss,plus_bmi_or_weight_loss,unconditional,loss_1,3,elsa;hrs;share,elsa:1.0788;hrs:1.1113;share:1.1124,72057,,1.1081523615923021,1.0759000338978058,1.1413715194837868,1.0155897311998838,1.2091513125598021,0.0,4.2300630066830894e-13
multimorbidity_progression,bmi_or_weight_loss,plus_bmi_or_weight_loss,unconditional,loss_2plus,3,elsa;hrs;share,elsa:1.4921;hrs:1.0942;share:1.2880,72057,,1.253494002153783,0.9085767405075247,1.7293500299796585,0.3303956841296414,4.755652960705682,41.562265390755464,0.00541849041560285
multimorbidity_progression,cesd_worsening,base_same_set_cesd_worsening,current_state_held,loss_1,2,elsa;hrs,elsa:0.9732;hrs:1.0765,87769,,,,,,,,
multimorbidity_progression,cesd_worsening,base_same_set_cesd_worsening,current_state_held,loss_2plus,2,elsa;hrs,elsa:1.0760;hrs:1.2230,87769,,,,,,,,
multimorbidity_progression,cesd_worsening,base_same_set_cesd_worsening,unconditional,loss_1,2,elsa;hrs,elsa:1.1372;hrs:1.1257,87769,,,,,,,,
multimorbidity_progression,cesd_worsening,base_same_set_cesd_worsening,unconditional,loss_2plus,2,elsa;hrs,elsa:1.4582;hrs:1.3251,87769,,,,,,,,
multimorbidity_progression,cesd_worsening,plus_cesd_worsening,unconditional,context_cesd_worsening,2,elsa;hrs,elsa:0.9957;hrs:1.0644,87769,,,,,,,,
multimorbidity_progression,cesd_worsening,plus_cesd_worsening,unconditional,loss_1,2,elsa;hrs,elsa:1.1375;hrs:1.1222,87769,,,,,,,,
multimorbidity_progression,cesd_worsening,plus_cesd_worsening,unconditional,loss_2plus,2,elsa;hrs,elsa:1.4588;hrs:1.3168,87769,,,,,,,,
multimorbidity_progression,fi_change,base_same_set_fi_change,current_state_held,loss_1,2,hrs;share,hrs:1.1244;share:1.0089,70032,,,,,,,,
multimorbidity_progression,fi_change,base_same_set_fi_change,current_state_held,loss_2plus,2,hrs;share,hrs:1.2031;share:1.0311,70032,,,,,,,,
multimorbidity_progression,fi_change,base_same_set_fi_change,unconditional,loss_1,2,hrs;share,hrs:1.1540;share:1.1262,70032,,,,,,,,
multimorbidity_progression,fi_change,base_same_set_fi_change,unconditional,loss_2plus,2,hrs;share,hrs:1.2521;share:1.2733,70032,,,,,,,,
multimorbidity_progression,fi_change,plus_fi_change,unconditional,context_fi_change,2,hrs;share,hrs:1.0372;share:1.0542,70032,,,,,,,,
multimorbidity_progression,fi_change,plus_fi_change,unconditional,loss_1,2,hrs;share,hrs:1.1457;share:1.1080,70032,,,,,,,,
multimorbidity_progression,fi_change,plus_fi_change,unconditional,loss_2plus,2,hrs;share,hrs:1.2282;share:1.2328,70032,,,,,,,,
multimorbidity_progression,joint_context,base_same_set_joint_context,current_state_held,loss_1,2,hrs;share,hrs:1.1372;share:1.0057,43864,,,,,,,,
multimorbidity_progression,joint_context,base_same_set_joint_context,current_state_held,loss_2plus,2,hrs;share,hrs:1.0473;share:1.0446,43864,,,,,,,,
multimorbidity_progression,joint_context,base_same_set_joint_context,unconditional,loss_1,2,hrs;share,hrs:1.1403;share:1.1283,43864,,,,,,,,
multimorbidity_progression,joint_context,base_same_set_joint_context,unconditional,loss_2plus,2,hrs;share,hrs:1.0554;share:1.3033,43864,,,,,,,,
multimorbidity_progression,joint_context,plus_joint_context,unconditional,context_bmi_or_weight_loss,2,hrs;share,hrs:0.8823;share:0.9946,43864,,,,,,,,
multimorbidity_progression,joint_context,plus_joint_context,unconditional,context_cesd_worsening,1,hrs,hrs:1.0230,19246,,,,,,,,
multimorbidity_progression,joint_context,plus_joint_context,unconditional,context_fi_change,2,hrs;share,hrs:1.0394;share:1.0485,43864,,,,,,,,
multimorbidity_progression,joint_context,plus_joint_context,unconditional,context_self_rated_health_worsening,2,hrs;share,hrs:1.1439;share:1.0311,43864,,,,,,,,
multimorbidity_progression,joint_context,plus_joint_context,unconditional,context_transition_hospitalization,2,hrs;share,hrs:1.1675;share:1.1665,43864,,,,,,,,
multimorbidity_progression,joint_context,plus_joint_context,unconditional,loss_1,2,hrs;share,hrs:1.1210;share:1.1054,43864,,,,,,,,
multimorbidity_progression,joint_context,plus_joint_context,unconditional,loss_2plus,2,hrs;share,hrs:1.0136;share:1.2455,43864,,,,,,,,
multimorbidity_progression,joint_context_no_fi,base_same_set_joint_context_no_fi,current_state_held,loss_1,3,elsa;hrs;share,elsa:0.8525;hrs:1.1142;share:1.0240,68765,,1.019935318543377,0.7644913878805029,1.36073220771819,0.27401131492604763,3.796441961869113,58.24603699015592,0.0062105698259270975
multimorbidity_progression,joint_context_no_fi,base_same_set_joint_context_no_fi,current_state_held,loss_2plus,3,elsa;hrs;share,elsa:0.7676;hrs:1.1029;share:1.0964,68765,,1.0692260336011479,0.8020111802242856,1.4254717878256136,0.4573601572544102,2.4996587323947943,0.0,6.207041635709406e-13
multimorbidity_progression,joint_context_no_fi,base_same_set_joint_context_no_fi,unconditional,loss_1,3,elsa;hrs;share,elsa:1.1543;hrs:1.1162;share:1.1145,68765,,1.1187957124071997,1.0843726912187177,1.154311480026257,1.020165274681141,1.2269618238985456,0.0,4.2300630066830894e-13
multimorbidity_progression,joint_context_no_fi,base_same_set_joint_context_no_fi,unconditional,loss_2plus,3,elsa;hrs;share,elsa:1.4093;hrs:1.1047;share:1.2945,68765,,1.2445857856233706,0.9674722952367852,1.6010730078804296,0.46478242087051064,3.332728838742582,15.432860099124637,0.002582627699933927
multimorbidity_progression,joint_context_no_fi,plus_joint_context_no_fi,unconditional,context_bmi_or_weight_loss,3,elsa;hrs;share,elsa:1.0533;hrs:0.8495;share:1.0517,68765,,0.9802108542960861,0.7214248422899832,1.3318273263643108,0.20063731715570926,4.7888066512283025,67.7745814246093,0.010509789904294891
multimorbidity_progression,joint_context_no_fi,plus_joint_context_no_fi,unconditional,context_cesd_worsening,2,elsa;hrs,elsa:1.0879;hrs:1.0282,33979,,,,,,,,
multimorbidity_progression,joint_context_no_fi,plus_joint_context_no_fi,unconditional,context_self_rated_health_worsening,3,elsa;hrs;share,elsa:1.1379;hrs:1.1400;share:1.0631,68765,,1.1021896381844023,0.992196486197429,1.2243764369463168,0.6612677987755027,1.8371104728985752,43.73452169586038,0.0010196673232035723
multimorbidity_progression,joint_context_no_fi,plus_joint_context_no_fi,unconditional,context_transition_hospitalization,2,hrs;share,hrs:1.1559;share:1.1639,57623,,,,,,,,
multimorbidity_progression,joint_context_no_fi,plus_joint_context_no_fi,unconditional,loss_1,3,elsa;hrs;share,elsa:1.1407;hrs:1.1054;share:1.1039,68765,,1.1078413344613072,1.0759211029774558,1.1407085695638837,1.0162054557020685,1.2077404381706387,0.0,4.2300630066830894e-13
multimorbidity_progression,joint_context_no_fi,plus_joint_context_no_fi,unconditional,loss_2plus,3,elsa;hrs;share,elsa:1.3887;hrs:1.0784;share:1.2664,68765,,1.2172620732493589,0.938911126151974,1.5781333437212803,0.4354986125630068,3.402368944991656,18.726964210530674,0.0029026140396379474
multimorbidity_progression,self_rated_health_worsening,base_same_set_self_rated_health_worsening,current_state_held,loss_1,3,elsa;hrs;share,elsa:1.0010;hrs:1.0767;share:1.0248,119387,,1.0494466767974475,0.9639416304057333,1.142536324505086,0.8165112407258336,1.348834250539132,0.0,4.2300630066830894e-13
multimorbidity_progression,self_rated_health_worsening,base_same_set_self_rated_health_worsening,current_state_held,loss_2plus,3,elsa;hrs;share,elsa:1.0214;hrs:1.2014;share:1.0793,119387,,1.1375273354048951,0.9470757964011611,1.3662775922585857,0.6621584698659693,1.9541673144425373,0.0,4.2300630066830894e-13
multimorbidity_progression,self_rated_health_worsening,base_same_set_self_rated_health_worsening,unconditional,loss_1,3,elsa;hrs;share,elsa:1.1652;hrs:1.1299;share:1.1150,119387,,1.1280356045178737,1.0844764182351696,1.1733443933532082,1.004191813544047,1.2671526573883891,0.0,4.2300630066830894e-13
multimorbidity_progression,self_rated_health_worsening,base_same_set_self_rated_health_worsening,unconditional,loss_2plus,3,elsa;hrs;share,elsa:1.3826;hrs:1.3105;share:1.2727,119387,,1.3008974692318296,1.2139013824331388,1.394128262760251,1.0604094573266636,1.5959252473287289,0.0,4.2300630066830894e-13
multimorbidity_progression,self_rated_health_worsening,plus_self_rated_health_worsening,unconditional,context_self_rated_health_worsening,3,elsa;hrs;share,elsa:1.1352;hrs:1.1126;share:1.0711,119387,,1.0993705697391905,1.027499958781964,1.1762683193110877,0.8524061505534034,1.4178870586797256,15.634820985755207,0.00015405346144577227
multimorbidity_progression,self_rated_health_worsening,plus_self_rated_health_worsening,unconditional,loss_1,3,elsa;hrs;share,elsa:1.1592;hrs:1.1257;share:1.1118,119387,,1.123990639024409,1.0827207851337715,1.1668335677682682,1.0064352203010913,1.2552769727559276,0.0,4.2300630066830894e-13
multimorbidity_progression,self_rated_health_worsening,plus_self_rated_health_worsening,unconditional,loss_2plus,3,elsa;hrs;share,elsa:1.3657;hrs:1.2998;share:1.2657,119387,,1.2911142548728862,1.2119012359753754,1.3755048428466492,1.0709315210098447,1.5565663970410342,0.0,4.2300630066830894e-13
multimorbidity_progression,transition_hospitalization,base_same_set_transition_hospitalization,current_state_held,loss_1,2,hrs;share,hrs:1.0758;share:1.0257,98121,,,,,,,,
multimorbidity_progression,transition_hospitalization,base_same_set_transition_hospitalization,current_state_held,loss_2plus,2,hrs;share,hrs:1.2018;share:1.0889,98121,,,,,,,,
multimorbidity_progression,transition_hospitalization,base_same_set_transition_hospitalization,unconditional,loss_1,2,hrs;share,hrs:1.1301;share:1.1130,98121,,,,,,,,
multimorbidity_progression,transition_hospitalization,base_same_set_transition_hospitalization,unconditional,loss_2plus,2,hrs;share,hrs:1.3130;share:1.2775,98121,,,,,,,,
multimorbidity_progression,transition_hospitalization,plus_transition_hospitalization,unconditional,context_transition_hospitalization,2,hrs;share,hrs:1.1150;share:1.1746,98121,,,,,,,,
multimorbidity_progression,transition_hospitalization,plus_transition_hospitalization,unconditional,loss_1,2,hrs;share,hrs:1.1238;share:1.1062,98121,,,,,,,,
multimorbidity_progression,transition_hospitalization,plus_transition_hospitalization,unconditional,loss_2plus,2,hrs;share,hrs:1.2933;share:1.2594,98121,,,,,,,,
