cohort,outcome_id,context_id,model_id,state_adjustment,term,log_rr_attenuation_percent,n,events,estimate,ci_low,ci_high
elsa,mortality,cesd_worsening,base_same_set_cesd_worsening,current_state_held,loss_1,95.0442466419976,28760,502,1.0292990628281191,0.7181649628348004,1.475227302313482
elsa,mortality,cesd_worsening,base_same_set_cesd_worsening,current_state_held,loss_2plus,79.24443194119549,28760,502,1.2905363778151608,0.593888631343709,2.8043711473244017
elsa,mortality,cesd_worsening,plus_cesd_worsening,unconditional,loss_1,1.91763706525644,28760,502,1.7709980033964217,1.4684097475483426,2.135939190863247
elsa,mortality,cesd_worsening,plus_cesd_worsening,unconditional,loss_2plus,2.153258720586016,28760,502,3.3281095454057814,2.1258254570808757,5.210358691174373
elsa,mortality,incident_non_target_disease,base_same_set_incident_non_target_disease,current_state_held,loss_1,92.15730447996084,28924,509,1.0466758086741217,0.732628932664558,1.4953412288526513
elsa,mortality,incident_non_target_disease,base_same_set_incident_non_target_disease,current_state_held,loss_2plus,73.8796309947994,28924,509,1.3922216886618282,0.6473950806911731,2.9939696611704876
elsa,mortality,incident_non_target_disease,plus_incident_non_target_disease,unconditional,loss_1,0.3111582081533967,28924,509,1.7858030519796886,1.4822608749862105,2.1515055779163292
elsa,mortality,incident_non_target_disease,plus_incident_non_target_disease,unconditional,loss_2plus,-0.7077868984687753,28924,509,3.5815547273248765,2.2954619243000596,5.588214785455259
elsa,incident_any_adl,self_rated_health_worsening,base_same_set_self_rated_health_worsening,current_state_held,loss_1,52.1069406499619,17838,1658,1.187818968226849,0.9904649087318894,1.424496606432948
elsa,incident_any_adl,self_rated_health_worsening,base_same_set_self_rated_health_worsening,current_state_held,loss_2plus,41.947458991339104,17838,1658,1.475152562174201,0.960733211412997,2.2650149446677825
elsa,incident_any_adl,self_rated_health_worsening,plus_self_rated_health_worsening,unconditional,loss_1,0.7349158156852892,17838,1658,1.4286649573304266,1.282724688369065,1.5912093832848178
elsa,incident_any_adl,self_rated_health_worsening,plus_self_rated_health_worsening,unconditional,loss_2plus,1.7295256447658156,17838,1658,1.931099479563301,1.3983213033777124,2.666872907508255
elsa,incident_any_adl,cesd_worsening,base_same_set_cesd_worsening,current_state_held,loss_1,38.556064155852845,22897,2183,1.263306948997279,1.0779782141011465,1.480497867682386
elsa,incident_any_adl,cesd_worsening,base_same_set_cesd_worsening,current_state_held,loss_2plus,27.760816158940955,22897,2183,1.6989747756132765,1.171149774839356,2.4646850045854465
elsa,incident_any_adl,cesd_worsening,plus_cesd_worsening,unconditional,loss_1,4.408918963787699,22897,2183,1.438539911621062,1.3095948080677329,1.5801811862556672
elsa,incident_any_adl,cesd_worsening,plus_cesd_worsening,unconditional,loss_2plus,2.9500776425794384,22897,2183,2.038192694153198,1.5444562799223736,2.6897682456302805
elsa,incident_any_adl,bmi_or_weight_loss,base_same_set_bmi_or_weight_loss,current_state_held,loss_1,37.87339618686016,11838,1099,1.2773103224245148,1.0238080056981784,1.5935816585645992
elsa,incident_any_adl,bmi_or_weight_loss,base_same_set_bmi_or_weight_loss,current_state_held,loss_2plus,25.676082751645556,11838,1099,1.7274903728057465,1.0351010415336652,2.8830257804735084
elsa,incident_any_adl,bmi_or_weight_loss,plus_bmi_or_weight_loss,unconditional,loss_1,0.3075415449669884,11838,1099,1.4810518759968925,1.2990793653862849,1.6885147419316189
elsa,incident_any_adl,bmi_or_weight_loss,plus_bmi_or_weight_loss,unconditional,loss_2plus,0.2400856190654256,11838,1099,2.082892141654642,1.4031648591940649,3.0918958990025796
elsa,incident_any_adl,incident_non_target_disease,base_same_set_incident_non_target_disease,current_state_held,loss_1,39.962622197154865,23015,2198,1.2598902755529169,1.075533478660014,1.4758476030057377
elsa,incident_any_adl,incident_non_target_disease,base_same_set_incident_non_target_disease,current_state_held,loss_2plus,29.85728368541812,23015,2198,1.6681983172604995,1.1505125829835543,2.4188224160869884
elsa,incident_any_adl,incident_non_target_disease,plus_incident_non_target_disease,unconditional,loss_1,-0.0868012539859872,23015,2198,1.4698132506894463,1.3388361153267347,1.6136037616337062
elsa,incident_any_adl,incident_non_target_disease,plus_incident_non_target_disease,unconditional,loss_2plus,-0.1965704672737471,23015,2198,2.0771770818501194,1.573250468439789,2.742516030293817
elsa,incident_any_iadl,self_rated_health_worsening,base_same_set_self_rated_health_worsening,current_state_held,loss_1,79.37467830243402,19703,1056,1.1346101226472949,0.9022935158844276,1.426742083092395
elsa,incident_any_iadl,self_rated_health_worsening,base_same_set_self_rated_health_worsening,current_state_held,loss_2plus,86.5870444140948,19703,1056,1.1237820621575665,0.6478397104015767,1.9493805380412497
elsa,incident_any_iadl,self_rated_health_worsening,plus_self_rated_health_worsening,unconditional,loss_1,0.7016363417259573,19703,1056,1.8367634901353636,1.6140587222283973,2.090196640452123
elsa,incident_any_iadl,self_rated_health_worsening,plus_self_rated_health_worsening,unconditional,loss_2plus,1.2271133396274934,19703,1056,2.3616879028468674,1.549113278719424,3.600491860133003
elsa,incident_any_iadl,cesd_worsening,base_same_set_cesd_worsening,current_state_held,loss_1,68.75677355223037,25401,1392,1.1847534903836194,0.9722483693613458,1.443706029456442
elsa,incident_any_iadl,cesd_worsening,base_same_set_cesd_worsening,current_state_held,loss_2plus,54.3870947572908,25401,1392,1.5932232585876172,1.0088639787219476,2.5160580665395544
elsa,incident_any_iadl,cesd_worsening,plus_cesd_worsening,unconditional,loss_1,1.56674135480625,25401,1392,1.7059585586696735,1.51955843483316,1.9152238816125855
elsa,incident_any_iadl,cesd_worsening,plus_cesd_worsening,unconditional,loss_2plus,1.0680999157205142,25401,1392,2.746167221176722,1.955545992601121,3.856434180120933
elsa,incident_any_iadl,incident_non_target_disease,base_same_set_incident_non_target_disease,current_state_held,loss_1,72.53396945915541,25530,1400,1.1575706401679666,0.949996163869539,1.410500208254411
elsa,incident_any_iadl,incident_non_target_disease,base_same_set_incident_non_target_disease,current_state_held,loss_2plus,57.916022653604216,25530,1400,1.5280229405152124,0.9671961349321104,2.4140440831110683
elsa,incident_any_iadl,incident_non_target_disease,plus_incident_non_target_disease,unconditional,loss_1,-0.2936604108549736,25530,1400,1.706267277981294,1.5205607815830142,1.9146541586313768
elsa,incident_any_iadl,incident_non_target_disease,plus_incident_non_target_disease,unconditional,loss_2plus,-0.2322795313442756,25530,1400,2.745022644714693,1.950801988461021,3.86259054715281
elsa,multimorbidity_progression,self_rated_health_worsening,base_same_set_self_rated_health_worsening,current_state_held,loss_1,99.3652024506908,21196,2777,1.0009709902009207,0.858451004463748,1.167152135665214
elsa,multimorbidity_progression,self_rated_health_worsening,base_same_set_self_rated_health_worsening,current_state_held,loss_2plus,93.44849109826924,21196,2777,1.0214494424762457,0.7078473572886215,1.4739886400530955
elsa,multimorbidity_progression,self_rated_health_worsening,plus_self_rated_health_worsening,unconditional,loss_1,3.374520546035205,21196,2777,1.1591966396063471,1.0609628410290826,1.266525836071024
elsa,multimorbidity_progression,self_rated_health_worsening,plus_self_rated_health_worsening,unconditional,loss_2plus,3.795845361890973,21196,2777,1.3656617083561189,1.04878612443693,1.778276674542626
elsa,multimorbidity_progression,cesd_worsening,base_same_set_cesd_worsening,current_state_held,loss_1,121.09726148030254,27337,3629,0.9732338916714064,0.851883470676032,1.1118706260918654
elsa,multimorbidity_progression,cesd_worsening,base_same_set_cesd_worsening,current_state_held,loss_2plus,80.59270515797931,27337,3629,1.0759548715181757,0.7824150273838739,1.479622508548402
elsa,multimorbidity_progression,cesd_worsening,plus_cesd_worsening,unconditional,loss_1,-0.1482488590625832,27337,3629,1.1374507049039342,1.0523382939806845,1.2294469501745642
elsa,multimorbidity_progression,cesd_worsening,plus_cesd_worsening,unconditional,loss_2plus,-0.1078711487805546,27337,3629,1.4588209981826823,1.1617828367868137,1.8318042213677788
elsa,multimorbidity_progression,bmi_or_weight_loss,base_same_set_bmi_or_weight_loss,current_state_held,loss_1,373.3277691719775,14060,1905,0.8100904782019647,0.6692401276850702,0.9805846298300616
elsa,multimorbidity_progression,bmi_or_weight_loss,base_same_set_bmi_or_weight_loss,current_state_held,loss_2plus,143.5174647497318,14060,1905,0.8396189925162667,0.5432168883460362,1.2977506180642937
elsa,multimorbidity_progression,bmi_or_weight_loss,plus_bmi_or_weight_loss,unconditional,loss_1,1.556735211317491,14060,1905,1.0788053177556172,0.9664838998230731,1.2041803426118634
elsa,multimorbidity_progression,bmi_or_weight_loss,plus_bmi_or_weight_loss,unconditional,loss_2plus,0.3825781177648811,14060,1905,1.4920593280446843,1.10594350080631,2.012978996469594
elsa,multimorbidity_progression,joint_context_no_fi,base_same_set_joint_context_no_fi,current_state_held,loss_1,211.19045740236749,11142,1500,0.8524913710995115,0.6867770783392306,1.0581913123200568
elsa,multimorbidity_progression,joint_context_no_fi,base_same_set_joint_context_no_fi,current_state_held,loss_2plus,177.09852715089954,11142,1500,0.7675771084506637,0.4632265974159014,1.2718928936813618
elsa,multimorbidity_progression,joint_context_no_fi,plus_joint_context_no_fi,unconditional,loss_1,8.298310321420633,11142,1500,1.1406746331675652,1.0102801803550778,1.2878987869430985
elsa,multimorbidity_progression,joint_context_no_fi,plus_joint_context_no_fi,unconditional,loss_2plus,4.299213251400714,11142,1500,1.3886590772218743,0.9714726610235358,1.9850008241292028
hrs,mortality,self_rated_health_worsening,base_same_set_self_rated_health_worsening,current_state_held,loss_1,68.00334529061342,72681,4534,1.1886122752404955,1.0691863402480708,1.3213778437578918
hrs,mortality,self_rated_health_worsening,base_same_set_self_rated_health_worsening,current_state_held,loss_2plus,52.58643980686486,72681,4534,1.7721712042356583,1.437002596185067,2.185515033486827
hrs,mortality,self_rated_health_worsening,plus_self_rated_health_worsening,unconditional,loss_1,3.701891308565846,72681,4534,1.6820670742833177,1.588714505189058,1.780905022989858
hrs,mortality,self_rated_health_worsening,plus_self_rated_health_worsening,unconditional,loss_2plus,3.8786158275309464,72681,4534,3.1900309260541606,2.8232800844311203,3.604423579969555
hrs,mortality,transition_hospitalization,base_same_set_transition_hospitalization,current_state_held,loss_1,69.1777185230555,72583,4527,1.1807408051904846,1.0617239881670708,1.3130991336540223
hrs,mortality,transition_hospitalization,base_same_set_transition_hospitalization,current_state_held,loss_2plus,53.704355205603626,72583,4527,1.7475109986977444,1.4161863961064047,2.1563508158004803
hrs,mortality,transition_hospitalization,plus_transition_hospitalization,unconditional,loss_1,8.385137582133552,72583,4527,1.638585991379049,1.5481521916710672,1.7343023932585884
hrs,mortality,transition_hospitalization,plus_transition_hospitalization,unconditional,loss_2plus,8.31381411053779,72583,4527,3.0206499621592746,2.675317012113105,3.4105588805290625
hrs,mortality,cesd_worsening,base_same_set_cesd_worsening,current_state_held,loss_1,74.63346830744577,68900,3759,1.1246144378211425,1.0019299543138696,1.2623214111029164
hrs,mortality,cesd_worsening,base_same_set_cesd_worsening,current_state_held,loss_2plus,52.43699156602942,68900,3759,1.707191054962781,1.3566413434073754,2.148321155261858
hrs,mortality,cesd_worsening,plus_cesd_worsening,unconditional,loss_1,3.1603583368444563,68900,3759,1.5657135016106545,1.468776984158302,1.6690476468289237
hrs,mortality,cesd_worsening,plus_cesd_worsening,unconditional,loss_2plus,3.3856085575878736,68900,3759,2.9636914424380216,2.5812990631035526,3.4027312416174698
hrs,mortality,bmi_or_weight_loss,base_same_set_bmi_or_weight_loss,current_state_held,loss_1,83.4923038531783,25662,1229,1.077105376062409,0.8785708972715947,1.3205035526961026
hrs,mortality,bmi_or_weight_loss,base_same_set_bmi_or_weight_loss,current_state_held,loss_2plus,65.63847926693983,25662,1229,1.4131589664388453,0.9358925357776928,2.133811509424056
hrs,mortality,bmi_or_weight_loss,plus_bmi_or_weight_loss,unconditional,loss_1,6.271534938854738,25662,1229,1.5246061177653996,1.3621874166195258,1.7063906081999296
hrs,mortality,bmi_or_weight_loss,plus_bmi_or_weight_loss,unconditional,loss_2plus,5.242399169510646,25662,1229,2.595234942201192,2.034266577969627,3.3108956702933083
hrs,mortality,incident_non_target_disease,base_same_set_incident_non_target_disease,current_state_held,loss_1,67.57639833272584,72785,4554,1.191729329043516,1.0722882768724444,1.324474793145065
hrs,mortality,incident_non_target_disease,base_same_set_incident_non_target_disease,current_state_held,loss_2plus,52.137229974409216,72785,4554,1.7846370938462923,1.4482960933046474,2.1990873078066047
hrs,mortality,incident_non_target_disease,plus_incident_non_target_disease,unconditional,loss_1,1.3614951894479828,72785,4554,1.7050857513578783,1.6108509171898908,1.8048333265721697
hrs,mortality,incident_non_target_disease,plus_incident_non_target_disease,unconditional,loss_2plus,1.2743315230753705,72785,4554,3.302687273227641,2.923494476067819,3.73106339486266
hrs,mortality,fi_change,base_same_set_fi_change,current_state_held,loss_1,74.23755668691848,50822,2784,1.1350787334245656,0.9924688450339436,1.2981805298166824
hrs,mortality,fi_change,base_same_set_fi_change,current_state_held,loss_2plus,53.82383760876716,50822,2784,1.7121261350872417,1.313424748238302,2.2318567594988847
hrs,mortality,fi_change,plus_fi_change,unconditional,loss_1,12.299974941789706,50822,2784,1.5392828470660096,1.4288003976928394,1.6583083873000204
hrs,mortality,fi_change,plus_fi_change,unconditional,loss_2plus,11.176072796085233,50822,2784,2.8133687344078657,2.4038076660283414,3.292710871839943
hrs,mortality,joint_context,base_same_set_joint_context,current_state_held,loss_1,84.01844278460663,21278,1040,1.0768171891570868,0.8634630762714914,1.3428892221670246
hrs,mortality,joint_context,base_same_set_joint_context,current_state_held,loss_2plus,68.55156652780526,21278,1040,1.3717891614528472,0.8779311084015591,2.143454634960699
hrs,mortality,joint_context,plus_joint_context,unconditional,loss_1,26.54271944466035,21278,1040,1.4051953139214235,1.2414722176776762,1.590509914076376
hrs,mortality,joint_context,plus_joint_context,unconditional,loss_2plus,25.10485578038637,21278,1040,2.123014304214113,1.6348334296161275,2.7569718444992035
hrs,mortality,joint_context_no_fi,base_same_set_joint_context_no_fi,current_state_held,loss_1,94.13748413721872,25252,1187,1.0269366968966336,0.8328096753732049,1.2663145141299823
hrs,mortality,joint_context_no_fi,base_same_set_joint_context_no_fi,current_state_held,loss_2plus,75.45950631308462,25252,1187,1.278705876950489,0.8372773086116769,1.95286400685924
hrs,mortality,joint_context_no_fi,plus_joint_context_no_fi,unconditional,loss_1,20.2548622514282,25252,1187,1.4355665822506372,1.278906646515681,1.6114166094057485
hrs,mortality,joint_context_no_fi,plus_joint_context_no_fi,unconditional,loss_2plus,19.4117084050827,25252,1187,2.241935682233488,1.7500711950120014,2.872040644744894
hrs,incident_any_adl,self_rated_health_worsening,base_same_set_self_rated_health_worsening,current_state_held,loss_1,32.76284338143889,54375,5017,1.2857517264662943,1.1715053855926714,1.4111394812536138
hrs,incident_any_adl,self_rated_health_worsening,base_same_set_self_rated_health_worsening,current_state_held,loss_2plus,23.15200336442044,54375,5017,1.7234621694831966,1.4100915532895706,2.106474464519932
hrs,incident_any_adl,self_rated_health_worsening,plus_self_rated_health_worsening,unconditional,loss_1,1.0589344743568414,54375,5017,1.4475290126912186,1.368660556781158,1.5309422282985017
hrs,incident_any_adl,self_rated_health_worsening,plus_self_rated_health_worsening,unconditional,loss_2plus,0.949985878328692,54375,5017,2.0169733679992174,1.75209390779067,2.3218969880147253
hrs,incident_any_adl,transition_hospitalization,base_same_set_transition_hospitalization,current_state_held,loss_1,33.244105197382254,54310,5007,1.2838777242240151,1.1697189766564065,1.4091777971067494
hrs,incident_any_adl,transition_hospitalization,base_same_set_transition_hospitalization,current_state_held,loss_2plus,23.60634100015869,54310,5007,1.720665744111402,1.4076455092006872,2.1032927563130817
hrs,incident_any_adl,transition_hospitalization,plus_transition_hospitalization,unconditional,loss_1,4.331128039243074,54310,5007,1.4306285469401945,1.3526169949608076,1.513139378660192
hrs,incident_any_adl,transition_hospitalization,plus_transition_hospitalization,unconditional,loss_2plus,6.0378355132684,54310,5007,1.949397607138415,1.6929977437821042,2.2446285263366974
hrs,incident_any_adl,cesd_worsening,base_same_set_cesd_worsening,current_state_held,loss_1,31.423483528379737,52532,4762,1.2895780238742522,1.171328947908867,1.4197646891834594
hrs,incident_any_adl,cesd_worsening,base_same_set_cesd_worsening,current_state_held,loss_2plus,22.733232932550457,52532,4762,1.6987804828913549,1.381096357901516,2.089539308783241
hrs,incident_any_adl,cesd_worsening,plus_cesd_worsening,unconditional,loss_1,3.6133766145212407,52532,4762,1.4296768559324555,1.349342276305149,1.5147942433004105
hrs,incident_any_adl,cesd_worsening,plus_cesd_worsening,unconditional,loss_2plus,3.824431189542605,52532,4762,1.9340009699726233,1.6712240202348234,2.2380959743083935
hrs,incident_any_adl,bmi_or_weight_loss,base_same_set_bmi_or_weight_loss,current_state_held,loss_1,35.88186518261708,20433,1737,1.2305908687641358,1.04726190922505,1.446012571397978
hrs,incident_any_adl,bmi_or_weight_loss,base_same_set_bmi_or_weight_loss,current_state_held,loss_2plus,18.458645605476608,20433,1737,1.828528479741939,1.3096559440729405,2.552973104393555
hrs,incident_any_adl,bmi_or_weight_loss,plus_bmi_or_weight_loss,unconditional,loss_1,1.2575903421179937,20433,1737,1.376498547058468,1.250274597999746,1.515465684966638
hrs,incident_any_adl,bmi_or_weight_loss,plus_bmi_or_weight_loss,unconditional,loss_2plus,0.5334005898763863,20433,1737,2.0879475326405794,1.6678642395834882,2.6138367833514904
hrs,incident_any_adl,incident_non_target_disease,base_same_set_incident_non_target_disease,current_state_held,loss_1,32.347221812942784,54427,5028,1.2888188011472068,1.174453425107934,1.4143207952566277
hrs,incident_any_adl,incident_non_target_disease,base_same_set_incident_non_target_disease,current_state_held,loss_2plus,22.73858410823322,54427,5028,1.7352825265623533,1.4203918644721505,2.1199821840092383
hrs,incident_any_adl,incident_non_target_disease,plus_incident_non_target_disease,unconditional,loss_1,-0.1133050915238373,54427,5028,1.455670556905451,1.3764934350002154,1.5394020170107785
hrs,incident_any_adl,incident_non_target_disease,plus_incident_non_target_disease,unconditional,loss_2plus,-0.2854894959144383,54427,5028,2.045045821267835,1.7769053073998349,2.353649569095447
hrs,incident_any_adl,fi_change,base_same_set_fi_change,current_state_held,loss_1,31.04195566053256,39248,3624,1.2975782146006003,1.1611749525296298,1.4500047726125218
hrs,incident_any_adl,fi_change,base_same_set_fi_change,current_state_held,loss_2plus,22.596463355214578,39248,3624,1.7282209137674007,1.3639730562687815,2.1897408552581163
hrs,incident_any_adl,fi_change,plus_fi_change,unconditional,loss_1,-0.6691206968427516,39248,3624,1.4627132214903455,1.3691015482906388,1.5627255487322524
hrs,incident_any_adl,fi_change,plus_fi_change,unconditional,loss_2plus,-1.043215193713727,39248,3624,2.042509236220427,1.7361891200789168,2.402874163763983
hrs,incident_any_adl,joint_context,base_same_set_joint_context,current_state_held,loss_1,22.33755190890821,16981,1454,1.291453112018971,1.0823950724716571,1.5408894432001936
hrs,incident_any_adl,joint_context,base_same_set_joint_context,current_state_held,loss_2plus,8.64666205702675,16981,1454,2.0680701158180375,1.4479447197757842,2.9537826586376283
hrs,incident_any_adl,joint_context,plus_joint_context,unconditional,loss_1,8.271356906935628,16981,1454,1.3526865367021834,1.2173658776369982,1.5030492477142992
hrs,incident_any_adl,joint_context,plus_joint_context,unconditional,loss_2plus,4.402858472274184,16981,1454,2.139068974937818,1.684067162683393,2.717003324410613
hrs,incident_any_adl,joint_context_no_fi,base_same_set_joint_context_no_fi,current_state_held,loss_1,34.84435041679353,20153,1708,1.240743789085764,1.054828785275517,1.4594265644284652
hrs,incident_any_adl,joint_context_no_fi,base_same_set_joint_context_no_fi,current_state_held,loss_2plus,18.384331179899355,20153,1708,1.8242605096082951,1.3035049487076582,2.5530600480003875
hrs,incident_any_adl,joint_context_no_fi,plus_joint_context_no_fi,unconditional,loss_1,10.93349042110194,20153,1708,1.342955516964036,1.2189329597349563,1.4795969754860836
hrs,incident_any_adl,joint_context_no_fi,plus_joint_context_no_fi,unconditional,loss_2plus,8.328364041391188,20153,1708,1.964516543010586,1.5631808295956904,2.4688923857647747
hrs,incident_any_iadl,self_rated_health_worsening,base_same_set_self_rated_health_worsening,current_state_held,loss_1,62.504124453295205,51018,3595,1.149650803198328,1.0280519088261082,1.2856325229761545
hrs,incident_any_iadl,self_rated_health_worsening,base_same_set_self_rated_health_worsening,current_state_held,loss_2plus,52.60740972756711,51018,3595,1.3938976619985828,1.09142150982395,1.780201942729276
hrs,incident_any_iadl,self_rated_health_worsening,plus_self_rated_health_worsening,unconditional,loss_1,1.1122400054126678,51018,3595,1.444542721451087,1.3498102934858898,1.5459236636197176
hrs,incident_any_iadl,self_rated_health_worsening,plus_self_rated_health_worsening,unconditional,loss_2plus,0.679716262397973,51018,3595,2.0056888325566247,1.68105111953822,2.3930192522327367
hrs,incident_any_iadl,transition_hospitalization,base_same_set_transition_hospitalization,current_state_held,loss_1,62.721973780921346,50960,3587,1.149078774212411,1.0272460630626157,1.2853610024154585
hrs,incident_any_iadl,transition_hospitalization,base_same_set_transition_hospitalization,current_state_held,loss_2plus,53.75872526912047,50960,3587,1.376443091154115,1.076752716929492,1.759545672277098
hrs,incident_any_iadl,transition_hospitalization,plus_transition_hospitalization,unconditional,loss_1,4.5421175953198185,50960,3587,1.4273740763236122,1.3334590917052327,1.5279034553322923
hrs,incident_any_iadl,transition_hospitalization,plus_transition_hospitalization,unconditional,loss_2plus,4.914433904216851,50960,3587,1.9289790408950656,1.6154925542584817,2.3032976106289675
hrs,incident_any_iadl,cesd_worsening,base_same_set_cesd_worsening,current_state_held,loss_1,64.99536856837392,49733,3486,1.1382711645885228,1.0159033005168232,1.275378516316038
hrs,incident_any_iadl,cesd_worsening,base_same_set_cesd_worsening,current_state_held,loss_2plus,53.195675663494754,49733,3486,1.399166893574797,1.092642111295915,1.791682725603426
hrs,incident_any_iadl,cesd_worsening,plus_cesd_worsening,unconditional,loss_1,3.9473663911414567,49733,3486,1.426718109977634,1.3313645187834973,1.5289010159276772
hrs,incident_any_iadl,cesd_worsening,plus_cesd_worsening,unconditional,loss_2plus,3.940659885726509,49733,3486,1.992401326380722,1.667828265454839,2.380138967294142
hrs,incident_any_iadl,bmi_or_weight_loss,base_same_set_bmi_or_weight_loss,current_state_held,loss_1,40.85483456337536,19181,1299,1.2253213111792602,1.0160925973676076,1.4776333569595643
hrs,incident_any_iadl,bmi_or_weight_loss,base_same_set_bmi_or_weight_loss,current_state_held,loss_2plus,44.64752108242196,19181,1299,1.292766517393512,0.8576361805659551,1.948664604367429
hrs,incident_any_iadl,bmi_or_weight_loss,plus_bmi_or_weight_loss,unconditional,loss_1,2.284847369726007,19181,1299,1.39894270981371,1.2502856373884106,1.5652748834488586
hrs,incident_any_iadl,bmi_or_weight_loss,plus_bmi_or_weight_loss,unconditional,loss_2plus,2.96359466099762,19181,1299,1.568562393228521,1.1593296479270732,2.1222505487115386
hrs,incident_any_iadl,incident_non_target_disease,base_same_set_incident_non_target_disease,current_state_held,loss_1,62.36678556353661,51059,3600,1.1506419526338805,1.0289371028385363,1.2867423086490366
hrs,incident_any_iadl,incident_non_target_disease,base_same_set_incident_non_target_disease,current_state_held,loss_2plus,52.87506045870701,51059,3600,1.3892532604746468,1.0877536411224054,1.774321453659239
hrs,incident_any_iadl,incident_non_target_disease,plus_incident_non_target_disease,unconditional,loss_1,-0.085659234077213,51059,3600,1.4523479526436625,1.357192650443209,1.5541747701473434
hrs,incident_any_iadl,incident_non_target_disease,plus_incident_non_target_disease,unconditional,loss_2plus,-0.2079472996018391,51059,3600,2.0119393888653536,1.6864717874765334,2.4002180970514555
hrs,incident_any_iadl,fi_change,base_same_set_fi_change,current_state_held,loss_1,78.31444759624249,36812,2612,1.081937483092296,0.9461485515711104,1.2372145107407204
hrs,incident_any_iadl,fi_change,base_same_set_fi_change,current_state_held,loss_2plus,64.37396451872857,36812,2612,1.2911559712950162,0.969079370570182,1.720275751231714
hrs,incident_any_iadl,fi_change,plus_fi_change,unconditional,loss_1,-0.0228422089899943,36812,2612,1.437986159810795,1.327892573249671,1.5572074409204546
hrs,incident_any_iadl,fi_change,plus_fi_change,unconditional,loss_2plus,-0.023620150516927,36812,2612,2.0491969715510763,1.675969614348297,2.505539594670379
hrs,incident_any_iadl,joint_context,base_same_set_joint_context,current_state_held,loss_1,61.45714377952154,15912,1097,1.1383245391864731,0.9262981572892895,1.3988830122539195
hrs,incident_any_iadl,joint_context,base_same_set_joint_context,current_state_held,loss_2plus,68.22948721275066,15912,1097,1.1704670626514688,0.749510143503307,1.827851372829236
hrs,incident_any_iadl,joint_context,plus_joint_context,unconditional,loss_1,11.616981327589396,15912,1097,1.3459358667279315,1.1911426698263623,1.5208449862758624
hrs,incident_any_iadl,joint_context,plus_joint_context,unconditional,loss_2plus,16.036090152971205,15912,1097,1.5158680669691784,1.100290410281303,2.0884086373791058
hrs,incident_any_iadl,joint_context_no_fi,base_same_set_joint_context_no_fi,current_state_held,loss_1,49.7358252041516,18960,1274,1.1832782193038325,0.9788583145733096,1.4303881608128148
hrs,incident_any_iadl,joint_context_no_fi,base_same_set_joint_context_no_fi,current_state_held,loss_2plus,52.73750903332445,18960,1274,1.2524993274680498,0.8280473038556644,1.8945228829358811
hrs,incident_any_iadl,joint_context_no_fi,plus_joint_context_no_fi,unconditional,loss_1,12.92780086764274,18960,1274,1.3384672809611182,1.194506374804833,1.4997782347508664
hrs,incident_any_iadl,joint_context_no_fi,plus_joint_context_no_fi,unconditional,loss_2plus,18.42572667867472,18960,1274,1.4748992033678705,1.088875757288737,1.9977739843447972
hrs,multimorbidity_progression,self_rated_health_worsening,base_same_set_self_rated_health_worsening,current_state_held,loss_1,39.46577070407376,62941,9936,1.076742841027618,1.007389033195948,1.1508713193214957
hrs,multimorbidity_progression,self_rated_health_worsening,base_same_set_self_rated_health_worsening,current_state_held,loss_2plus,32.15094285621433,62941,9936,1.2014071251158618,1.0382490909087068,1.3902050027473378
hrs,multimorbidity_progression,self_rated_health_worsening,plus_self_rated_health_worsening,unconditional,loss_1,3.073317589846678,62941,9936,1.1256861901163562,1.0803667104199863,1.1729067421246924
hrs,multimorbidity_progression,self_rated_health_worsening,plus_self_rated_health_worsening,unconditional,loss_2plus,3.055396486515257,62941,9936,1.2997611734818657,1.1721454368740123,1.4412708994511394
hrs,multimorbidity_progression,transition_hospitalization,base_same_set_transition_hospitalization,current_state_held,loss_1,40.29586599295318,62867,9925,1.0757605501730794,1.0065178238805856,1.1497667839074304
hrs,multimorbidity_progression,transition_hospitalization,base_same_set_transition_hospitalization,current_state_held,loss_2plus,32.492045182105464,62867,9925,1.2018057614772932,1.038734369424963,1.3904778072565294
hrs,multimorbidity_progression,transition_hospitalization,plus_transition_hospitalization,unconditional,loss_1,4.601128266442169,62867,9925,1.1237691971742074,1.078511105578469,1.1709264763112643
hrs,multimorbidity_progression,transition_hospitalization,plus_transition_hospitalization,unconditional,loss_2plus,5.53750418992151,62867,9925,1.2933333368559048,1.16610543365471,1.434442437147693
hrs,multimorbidity_progression,cesd_worsening,base_same_set_cesd_worsening,current_state_held,loss_1,37.75697056545689,60432,9517,1.0764566681905046,1.0054995558397248,1.1524211540044742
hrs,multimorbidity_progression,cesd_worsening,base_same_set_cesd_worsening,current_state_held,loss_2plus,28.495135159843027,60432,9517,1.222969625820708,1.053486985269738,1.419718256222302
hrs,multimorbidity_progression,cesd_worsening,plus_cesd_worsening,unconditional,loss_1,2.5798476435315765,60432,9517,1.1222242473021788,1.0757954464334147,1.1706568060017255
hrs,multimorbidity_progression,cesd_worsening,plus_cesd_worsening,unconditional,loss_2plus,2.242098795310974,60432,9517,1.3167713395902707,1.1842881423132363,1.4640750834333307
hrs,multimorbidity_progression,bmi_or_weight_loss,base_same_set_bmi_or_weight_loss,current_state_held,loss_1,8.742013395392021,23171,3510,1.0993377418635089,0.9822662082849878,1.230362462326425
hrs,multimorbidity_progression,bmi_or_weight_loss,base_same_set_bmi_or_weight_loss,current_state_held,loss_2plus,18.047290216392145,23171,3510,1.0754421822575917,0.8316450618123032,1.3907085371956458
hrs,multimorbidity_progression,bmi_or_weight_loss,plus_bmi_or_weight_loss,unconditional,loss_1,-1.6722002923439876,23171,3510,1.1112837327597795,1.035854526921215,1.192205568060849
hrs,multimorbidity_progression,bmi_or_weight_loss,plus_bmi_or_weight_loss,unconditional,loss_2plus,-1.4434796780861447,23171,3510,1.0942067823777517,0.9029560820098022,1.3259653558526836
hrs,multimorbidity_progression,fi_change,base_same_set_fi_change,current_state_held,loss_1,18.153589591086455,45092,7273,1.12441263258792,1.0405444644703865,1.2150405979688703
hrs,multimorbidity_progression,fi_change,base_same_set_fi_change,current_state_held,loss_2plus,17.737411445627842,45092,7273,1.2031141410387605,1.014893108381603,1.426242452937394
hrs,multimorbidity_progression,fi_change,plus_fi_change,unconditional,loss_1,5.079112079600577,45092,7273,1.145673312309225,1.0922856806372687,1.2016703704948364
hrs,multimorbidity_progression,fi_change,plus_fi_change,unconditional,loss_2plus,8.558741581370183,45092,7273,1.228194879386164,1.08660790519345,1.3882308922479645
hrs,multimorbidity_progression,joint_context,base_same_set_joint_context,current_state_held,loss_1,2.043137779105321,19246,2996,1.1372466957756695,1.0066944380109768,1.284729505020446
hrs,multimorbidity_progression,joint_context,base_same_set_joint_context,current_state_held,loss_2plus,14.290879267807536,19246,2996,1.047317171214311,0.7921826794149588,1.3846216101700266
hrs,multimorbidity_progression,joint_context,plus_joint_context,unconditional,loss_1,12.995337769293924,19246,2996,1.1210107438577948,1.0393522838454623,1.2090848381023576
hrs,multimorbidity_progression,joint_context,plus_joint_context,unconditional,loss_2plus,74.92860793605185,19246,2996,1.0136154599038565,0.8224309268599369,1.2492432701659328
hrs,multimorbidity_progression,joint_context_no_fi,base_same_set_joint_context_no_fi,current_state_held,loss_1,1.6827128898102357,22837,3460,1.1141635671974257,0.994870912869606,1.2477603258994794
hrs,multimorbidity_progression,joint_context_no_fi,base_same_set_joint_context_no_fi,current_state_held,loss_2plus,1.6030871067757413,22837,3460,1.1029172998060204,0.8524012551694085,1.4270586332837427
hrs,multimorbidity_progression,joint_context_no_fi,plus_joint_context_no_fi,unconditional,loss_1,8.87307337276137,22837,3460,1.1053896067079831,1.0298314842925531,1.1864913835465118
hrs,multimorbidity_progression,joint_context_no_fi,plus_joint_context_no_fi,unconditional,loss_2plus,24.199933691739943,22837,3460,1.078382825530467,0.8896787717971539,1.3071116848724995
share,mortality,self_rated_health_worsening,base_same_set_self_rated_health_worsening,current_state_held,loss_1,54.618836169260355,43639,1911,1.3355329493008454,1.1160844006512716,1.5981302647249598
share,mortality,self_rated_health_worsening,base_same_set_self_rated_health_worsening,current_state_held,loss_2plus,46.89892204311136,43639,1911,1.9376134743233473,1.38931168782436,2.70230647937515
share,mortality,self_rated_health_worsening,plus_self_rated_health_worsening,unconditional,loss_1,4.868743084502339,43639,1911,1.8340290800220096,1.6720917181749968,2.011649618142745
share,mortality,self_rated_health_worsening,plus_self_rated_health_worsening,unconditional,loss_2plus,4.79140897489143,43639,1911,3.273867593575875,2.72291701205009,3.936296616031103
share,mortality,transition_hospitalization,base_same_set_transition_hospitalization,current_state_held,loss_1,53.95974873874726,43647,1911,1.341214015121955,1.1211837716017798,1.60442478737417
share,mortality,transition_hospitalization,base_same_set_transition_hospitalization,current_state_held,loss_2plus,46.44714457416336,43647,1911,1.944022831815398,1.3956342997311333,2.7078904347275077
share,mortality,transition_hospitalization,plus_transition_hospitalization,unconditional,loss_1,6.833365593329514,43647,1911,1.8113566215413048,1.6518606846067914,1.986252739699136
share,mortality,transition_hospitalization,plus_transition_hospitalization,unconditional,loss_2plus,8.139008619739133,43647,1911,3.127656375365592,2.6041043447161525,3.7564679089045097
share,mortality,bmi_or_weight_loss,base_same_set_bmi_or_weight_loss,current_state_held,loss_1,53.219254650996376,43063,1847,1.3505601565767034,1.1263599593436404,1.6193870542019175
share,mortality,bmi_or_weight_loss,base_same_set_bmi_or_weight_loss,current_state_held,loss_2plus,45.53067266165709,43063,1847,2.000785701117693,1.428106646641197,2.803112380445901
share,mortality,bmi_or_weight_loss,plus_bmi_or_weight_loss,unconditional,loss_1,8.929721693080296,43063,1847,1.795054403348208,1.634201821865158,1.9717395170335723
share,mortality,bmi_or_weight_loss,plus_bmi_or_weight_loss,unconditional,loss_2plus,11.832192750048344,43063,1847,3.072868739764567,2.556421767270837,3.693648056323213
share,mortality,incident_non_target_disease,base_same_set_incident_non_target_disease,current_state_held,loss_1,53.86175326545277,43663,1916,1.343140037234413,1.122826860920161,1.6066815128947438
share,mortality,incident_non_target_disease,base_same_set_incident_non_target_disease,current_state_held,loss_2plus,46.64252495148912,43663,1916,1.9343320607607228,1.3879810237001555,2.6957432827951457
share,mortality,incident_non_target_disease,plus_incident_non_target_disease,unconditional,loss_1,0.2163848725055981,43663,1916,1.8927319613552336,1.7261212449880934,2.0754244743452777
share,mortality,incident_non_target_disease,plus_incident_non_target_disease,unconditional,loss_2plus,0.9857181104475106,43663,1916,3.401803874885309,2.8271246514182775,4.093300094631225
share,mortality,fi_change,base_same_set_fi_change,current_state_held,loss_1,45.436108572540654,30621,1228,1.377347002140884,1.103847415111095,1.718611411628437
share,mortality,fi_change,base_same_set_fi_change,current_state_held,loss_2plus,38.00423336860324,30621,1228,2.0303019399867432,1.3423738040201976,3.0707735469574993
share,mortality,fi_change,plus_fi_change,unconditional,loss_1,13.302749028787163,30621,1228,1.6631359461700257,1.4773638421236908,1.8722680876409892
share,mortality,fi_change,plus_fi_change,unconditional,loss_2plus,15.13283135136145,30621,1228,2.636486300330314,2.058286859807976,3.3771094532848114
share,mortality,joint_context,base_same_set_joint_context,current_state_held,loss_1,46.37144774930752,30206,1181,1.3741045685504536,1.0967515072346905,1.7215963259279898
share,mortality,joint_context,base_same_set_joint_context,current_state_held,loss_2plus,40.66466357954623,30206,1181,1.951233079192489,1.274942216004812,2.986261245051306
share,mortality,joint_context,plus_joint_context,unconditional,loss_1,23.766607297028163,30206,1181,1.571072281318333,1.392036936624144,1.7731340657616723
share,mortality,joint_context,plus_joint_context,unconditional,loss_2plus,28.383915282323112,30206,1181,2.240758183042109,1.732089376109247,2.898809555745169
share,mortality,joint_context_no_fi,base_same_set_joint_context_no_fi,current_state_held,loss_1,53.37433301027702,42997,1836,1.3471139582791785,1.12320424484942,1.6156598632102588
share,mortality,joint_context_no_fi,base_same_set_joint_context_no_fi,current_state_held,loss_2plus,45.72304727608014,42997,1836,1.9879998810496051,1.4183759409674537,2.7863864670163156
share,mortality,joint_context_no_fi,plus_joint_context_no_fi,unconditional,loss_1,18.023957029857776,42997,1836,1.6885555796489389,1.536698052423499,1.855419769073668
share,mortality,joint_context_no_fi,plus_joint_context_no_fi,unconditional,loss_2plus,20.78726899925932,42997,1836,2.725925795189887,2.272556718939831,3.269740807326515
share,incident_any_adl,self_rated_health_worsening,base_same_set_self_rated_health_worsening,current_state_held,loss_1,75.95432206130728,31900,2364,1.1075972451568497,0.9454308279078372,1.2975794963168168
share,incident_any_adl,self_rated_health_worsening,base_same_set_self_rated_health_worsening,current_state_held,loss_2plus,94.55182522563754,31900,2364,1.033462506072328,0.7424931862888374,1.4384573100201032
share,incident_any_adl,self_rated_health_worsening,plus_self_rated_health_worsening,unconditional,loss_1,0.6860660129368953,31900,2364,1.525129997696867,1.3998490495847906,1.661623094693508
share,incident_any_adl,self_rated_health_worsening,plus_self_rated_health_worsening,unconditional,loss_2plus,0.910548896465036,31900,2364,1.819647809786294,1.4559250685175351,2.2742366508130343
share,incident_any_adl,transition_hospitalization,base_same_set_transition_hospitalization,current_state_held,loss_1,75.695145029717,31912,2366,1.1084432467641536,0.9462860680034288,1.2983879535385978
share,incident_any_adl,transition_hospitalization,base_same_set_transition_hospitalization,current_state_held,loss_2plus,95.71353853493632,31912,2366,1.0256619051476663,0.7363945421219925,1.4285580398786657
share,incident_any_adl,transition_hospitalization,plus_transition_hospitalization,unconditional,loss_1,1.499731696375312,31912,2366,1.5177848532120763,1.3931681992638325,1.6535482663595775
share,incident_any_adl,transition_hospitalization,plus_transition_hospitalization,unconditional,loss_2plus,1.2756999693439637,31912,2366,1.7924436777771091,1.43233732807806,2.243084973784914
share,incident_any_adl,bmi_or_weight_loss,base_same_set_bmi_or_weight_loss,current_state_held,loss_1,74.26145420816297,31547,2327,1.113206585120874,0.9497657539124054,1.3047731991300762
share,incident_any_adl,bmi_or_weight_loss,base_same_set_bmi_or_weight_loss,current_state_held,loss_2plus,89.33609224631887,31547,2327,1.067516150215994,0.765594988878901,1.4885033830233614
share,incident_any_adl,bmi_or_weight_loss,plus_bmi_or_weight_loss,unconditional,loss_1,1.919207456412663,31547,2327,1.5048191621718332,1.3795810208813415,1.6414264016134992
share,incident_any_adl,bmi_or_weight_loss,plus_bmi_or_weight_loss,unconditional,loss_2plus,1.440545923268698,31547,2327,1.8291374140996748,1.4618097829731005,2.288768154810476
share,incident_any_adl,incident_non_target_disease,base_same_set_incident_non_target_disease,current_state_held,loss_1,75.73204038318394,31914,2367,1.108302274315022,0.946185677001697,1.2981954399735085
share,incident_any_adl,incident_non_target_disease,base_same_set_incident_non_target_disease,current_state_held,loss_2plus,93.92148627242544,31914,2367,1.0373327092981388,0.7456018696291858,1.4432087600785914
share,incident_any_adl,incident_non_target_disease,plus_incident_non_target_disease,unconditional,loss_1,0.0093220438213566,31914,2367,1.52758077944572,1.402194319037819,1.664179497841095
share,incident_any_adl,incident_non_target_disease,plus_incident_non_target_disease,unconditional,loss_2plus,-0.1456013741962703,31914,2367,1.8291769030830796,1.4635888825275836,2.2860846940804413
share,incident_any_adl,fi_change,base_same_set_fi_change,current_state_held,loss_1,66.0982914751383,22638,1691,1.1589533139776396,0.9595379120623124,1.3998121044460905
share,incident_any_adl,fi_change,base_same_set_fi_change,current_state_held,loss_2plus,98.3093510307058,22638,1691,1.0086915351851813,0.6691775331638707,1.5204614063232136
share,incident_any_adl,fi_change,plus_fi_change,unconditional,loss_1,-0.4122953274403742,22638,1691,1.5479420279615437,1.3984146490976366,1.7134578241695748
share,incident_any_adl,fi_change,plus_fi_change,unconditional,loss_2plus,-0.6397818128604201,22638,1691,1.673886563477074,1.2518347643842425,2.2382316796955997
share,incident_any_adl,joint_context,base_same_set_joint_context,current_state_held,loss_1,66.65690948425433,22367,1660,1.1561311365211555,0.956078981738158,1.3980426621278503
share,incident_any_adl,joint_context,base_same_set_joint_context,current_state_held,loss_2plus,98.63160677108114,22367,1660,1.0070904149847404,0.6647570531127763,1.5257169505835568
share,incident_any_adl,joint_context,plus_joint_context,unconditional,loss_1,2.5877730555506138,22367,1660,1.5278332907634444,1.3779040756912546,1.6940762463410362
share,incident_any_adl,joint_context,plus_joint_context,unconditional,loss_2plus,2.161184353534378,22367,1660,1.657265763340671,1.2341368068773075,2.2254662489895143
share,incident_any_adl,joint_context_no_fi,base_same_set_joint_context_no_fi,current_state_held,loss_1,73.7130996244184,31512,2320,1.116639123686482,0.952543486052447,1.3090036841411574
share,incident_any_adl,joint_context_no_fi,base_same_set_joint_context_no_fi,current_state_held,loss_2plus,90.41941165388818,31512,2320,1.0598419649817827,0.7589378986593073,1.480048621528503
share,incident_any_adl,joint_context_no_fi,plus_joint_context_no_fi,unconditional,loss_1,3.991814291068641,31512,2320,1.4962117099668233,1.371414134767443,1.6323657634033824
share,incident_any_adl,joint_context_no_fi,plus_joint_context_no_fi,unconditional,loss_2plus,3.0138863661141584,31512,2320,1.8010284044575369,1.4369697511537562,2.257321917220917
share,incident_any_iadl,self_rated_health_worsening,base_same_set_self_rated_health_worsening,current_state_held,loss_1,167.5761177440167,32987,1955,0.783042203342172,0.6500428535810372,0.9432533391254716
share,incident_any_iadl,self_rated_health_worsening,base_same_set_self_rated_health_worsening,current_state_held,loss_2plus,106.94917823776298,32987,1955,0.9307643281273222,0.6526160816642771,1.327460751970811
share,incident_any_iadl,self_rated_health_worsening,plus_self_rated_health_worsening,unconditional,loss_1,0.8946828111134835,32987,1955,1.4314356002197797,1.3024411160690672,1.5732057689953207
share,incident_any_iadl,self_rated_health_worsening,plus_self_rated_health_worsening,unconditional,loss_2plus,1.1195999326901775,32987,1955,2.7757599802182673,2.264577570484053,3.4023314406202507
share,incident_any_iadl,transition_hospitalization,base_same_set_transition_hospitalization,current_state_held,loss_1,167.59225363745418,32999,1954,0.7829030430858483,0.6499041996941746,0.9431192707502298
share,incident_any_iadl,transition_hospitalization,base_same_set_transition_hospitalization,current_state_held,loss_2plus,108.01546570582848,32999,1954,0.9213045289628268,0.6455442931554687,1.3148625804410854
share,incident_any_iadl,transition_hospitalization,plus_transition_hospitalization,unconditional,loss_1,1.668518080100006,32999,1954,1.4276801149906957,1.2989866983269431,1.5691234662872828
share,incident_any_iadl,transition_hospitalization,plus_transition_hospitalization,unconditional,loss_2plus,1.3471760073466958,32999,1954,2.742322671382447,2.2343405580897295,3.3657956065604164
share,incident_any_iadl,bmi_or_weight_loss,base_same_set_bmi_or_weight_loss,current_state_held,loss_1,169.6277533577763,32639,1922,0.7789176213927389,0.6457031412737667,0.9396154705384756
share,incident_any_iadl,bmi_or_weight_loss,base_same_set_bmi_or_weight_loss,current_state_held,loss_2plus,106.62678254576288,32639,1922,0.9334721776256348,0.6523310105728543,1.3357793701022087
share,incident_any_iadl,bmi_or_weight_loss,plus_bmi_or_weight_loss,unconditional,loss_1,1.958416231178279,32639,1922,1.4216373374446325,1.2921626228016476,1.5640854204826378
share,incident_any_iadl,bmi_or_weight_loss,plus_bmi_or_weight_loss,unconditional,loss_2plus,1.1573870495739458,32639,1922,2.79226526283503,2.274257153759648,3.42826020581979
share,incident_any_iadl,incident_non_target_disease,base_same_set_incident_non_target_disease,current_state_held,loss_1,167.02779466036458,32999,1954,0.7841259128060187,0.6509277332455032,0.9445801979710312
share,incident_any_iadl,incident_non_target_disease,base_same_set_incident_non_target_disease,current_state_held,loss_2plus,106.76071311732964,32999,1954,0.932516249119278,0.6538154358344261,1.3300183923643296
share,incident_any_iadl,incident_non_target_disease,plus_incident_non_target_disease,unconditional,loss_1,0.0275266002208112,32999,1954,1.4372237519393256,1.30774609610362,1.579520764231654
share,incident_any_iadl,incident_non_target_disease,plus_incident_non_target_disease,unconditional,loss_2plus,-0.0067893536566136,32999,1954,2.8109481035530455,2.2923814126922095,3.446821369742698
share,incident_any_iadl,fi_change,base_same_set_fi_change,current_state_held,loss_1,162.78358372889144,23393,1426,0.7953410414643901,0.6419777015601908,0.985341657039395
share,incident_any_iadl,fi_change,base_same_set_fi_change,current_state_held,loss_2plus,118.86638767277174,23393,1426,0.8437939118422753,0.5521179170340155,1.2895581608488615
share,incident_any_iadl,fi_change,plus_fi_change,unconditional,loss_1,1.58096698335991,23393,1426,1.431830758960497,1.2829796673752674,1.5979515298941471
share,incident_any_iadl,fi_change,plus_fi_change,unconditional,loss_2plus,2.9246169720362927,23393,1426,2.396317474139763,1.8480039861316504,3.1073187503711868
share,incident_any_iadl,joint_context,base_same_set_joint_context,current_state_held,loss_1,158.44234158643457,23124,1405,0.8054563912981886,0.6495730726562312,0.9987482942145284
share,incident_any_iadl,joint_context,base_same_set_joint_context,current_state_held,loss_2plus,117.89181244274928,23124,1405,0.8521174870537541,0.5556902492263065,1.3066707806260185
share,incident_any_iadl,joint_context,plus_joint_context,unconditional,loss_1,6.192144515646959,23124,1405,1.4151915770534418,1.2664961807064548,1.5813448396234873
share,incident_any_iadl,joint_context,plus_joint_context,unconditional,loss_2plus,7.468169565344822,23124,1405,2.287908965247741,1.757880790114144,2.9777488113520474
share,incident_any_iadl,joint_context_no_fi,base_same_set_joint_context_no_fi,current_state_held,loss_1,168.78943897433922,32606,1920,0.7809031273719577,0.6473755690661545,0.9419720537476576
share,incident_any_iadl,joint_context_no_fi,base_same_set_joint_context_no_fi,current_state_held,loss_2plus,107.02094056967408,32606,1920,0.9300847851056556,0.6496020424837617,1.3316733182941884
share,incident_any_iadl,joint_context_no_fi,plus_joint_context_no_fi,unconditional,loss_1,4.341711984480401,32606,1920,1.4104377034540092,1.2818065862378158,1.5519771365533732
share,incident_any_iadl,joint_context_no_fi,plus_joint_context_no_fi,unconditional,loss_2plus,3.1641769522592273,32606,1920,2.717381577253718,2.211607562020637,3.3388213909213444
share,multimorbidity_progression,self_rated_health_worsening,base_same_set_self_rated_health_worsening,current_state_held,loss_1,77.49513332967912,35250,7416,1.0248096939871776,0.9467840252961244,1.109265556695057
share,multimorbidity_progression,self_rated_health_worsening,base_same_set_self_rated_health_worsening,current_state_held,loss_2plus,68.36195558340398,35250,7416,1.0792844063038762,0.9081975255622624,1.2826007524844911
share,multimorbidity_progression,self_rated_health_worsening,plus_self_rated_health_worsening,unconditional,loss_1,2.7137909504700395,35250,7416,1.1117561983345987,1.0600534392254732,1.1659806938020811
share,multimorbidity_progression,self_rated_health_worsening,plus_self_rated_health_worsening,unconditional,loss_2plus,2.309909625875659,35250,7416,1.2656542676497722,1.1247814468136603,1.4241706508922
share,multimorbidity_progression,transition_hospitalization,base_same_set_transition_hospitalization,current_state_held,loss_1,76.29928090317671,35254,7416,1.0257061434754366,0.9476473549227298,1.110194723066618
share,multimorbidity_progression,transition_hospitalization,base_same_set_transition_hospitalization,current_state_held,loss_2plus,65.23059758052754,35254,7416,1.0888783230309051,0.916558592448083,1.2935954254705826
share,multimorbidity_progression,transition_hospitalization,plus_transition_hospitalization,unconditional,loss_1,5.740341943390958,35254,7416,1.1062140796414954,1.0547929403045624,1.160141998716587
share,multimorbidity_progression,transition_hospitalization,plus_transition_hospitalization,unconditional,loss_2plus,5.821758602739627,35254,7416,1.259401563122716,1.1195319352343285,1.416745916108196
share,multimorbidity_progression,bmi_or_weight_loss,base_same_set_bmi_or_weight_loss,current_state_held,loss_1,78.07019028344027,34826,7313,1.0239908922648384,0.9454911407283288,1.1090081146964712
share,multimorbidity_progression,bmi_or_weight_loss,base_same_set_bmi_or_weight_loss,current_state_held,loss_2plus,64.3770066368234,34826,7313,1.0959280990006288,0.9214749539020484,1.3034086201618051
share,multimorbidity_progression,bmi_or_weight_loss,plus_bmi_or_weight_loss,unconditional,loss_1,1.4689899365300307,34826,7313,1.1123988364053503,1.0600988798648614,1.1672790102313115
share,multimorbidity_progression,bmi_or_weight_loss,plus_bmi_or_weight_loss,unconditional,loss_2plus,1.585599416813826,34826,7313,1.2879663445954888,1.143903026992815,1.4501730178751286
share,multimorbidity_progression,fi_change,base_same_set_fi_change,current_state_held,loss_1,92.56314881950564,24940,5076,1.0088802021095258,0.9141426132072972,1.1134359644798062
share,multimorbidity_progression,fi_change,base_same_set_fi_change,current_state_held,loss_2plus,87.32602793537866,24940,5076,1.0310997214404911,0.8303616597715822,1.2803657575508929
share,multimorbidity_progression,fi_change,plus_fi_change,unconditional,loss_1,13.699016085616345,24940,5076,1.1080431097096242,1.0449847184702112,1.1749066864559832
share,multimorbidity_progression,fi_change,plus_fi_change,unconditional,loss_2plus,13.38583196011216,24940,5076,1.2328125036863822,1.0615722468538755,1.4316752098123462
share,multimorbidity_progression,joint_context,base_same_set_joint_context,current_state_held,loss_1,95.33120830565336,24618,5005,1.0056500533051598,0.9105644241178644,1.1106649929711758
share,multimorbidity_progression,joint_context,base_same_set_joint_context,current_state_held,loss_2plus,83.52855743318224,24618,5005,1.0445981529020465,0.8406132783927304,1.298082398998902
share,multimorbidity_progression,joint_context,plus_joint_context,unconditional,loss_1,16.974163158766633,24618,5005,1.1053842146616542,1.041903288242182,1.1727328973926296
share,multimorbidity_progression,joint_context,plus_joint_context,unconditional,loss_2plus,17.10977015977571,24618,5005,1.24554512702125,1.0722944682409254,1.446787901453403
share,multimorbidity_progression,joint_context_no_fi,base_same_set_joint_context_no_fi,current_state_held,loss_1,78.11312907874172,34786,7303,1.024009665518858,0.9454850226301592,1.1090559553857868
share,multimorbidity_progression,joint_context_no_fi,base_same_set_joint_context_no_fi,current_state_held,loss_2plus,64.35148276294993,34786,7303,1.096376569160998,0.9216689338483076,1.3042010392888843
share,multimorbidity_progression,joint_context_no_fi,plus_joint_context_no_fi,unconditional,loss_1,8.829868478292441,34786,7303,1.103879630285005,1.051901782892848,1.1584258701482648
share,multimorbidity_progression,joint_context_no_fi,plus_joint_context_no_fi,unconditional,loss_2plus,8.485022111827151,34786,7303,1.2664339199270551,1.1245167464094905,1.4262614395586484
