analysis_family,model_id,outcome_id,term,k_cohorts,cohorts,pooled_rr,ci_low,ci_high,prediction_low,prediction_high,i2,tau2_log_scale,direction_above_one,cohort_estimates
current_state_decomposition,domain_specific_without_current_states,incident_arthritis,activity_loss,3,elsa;hrs;share,1.1468588863148936,1.0825017231667318,1.21504222762041,0.9670343462764771,1.3601226369920425,0.0,4.2300630066830894e-13,1.0,elsa:1.1725;hrs:1.1223;share:1.1638
current_state_decomposition,domain_specific_without_current_states,incident_arthritis,alcohol_loss,3,elsa;hrs;share,1.114745499672765,0.8885610491017981,1.3985055166404412,0.382737235966206,3.246764130235825,0.2752310688662114,0.0043006655852216,1.0,elsa:1.1980;hrs:1.1971;share:1.0313
current_state_decomposition,domain_specific_without_current_states,incident_arthritis,work_loss,3,elsa;hrs;share,1.0197942400227005,0.91588865925749,1.1354876834336918,0.7424911951660419,1.400663467464969,0.0,4.2300630066830894e-13,0.6666666666666666,elsa:0.9379;hrs:1.0182;share:1.0481
current_state_decomposition,domain_specific_without_current_states,incident_cancer,activity_loss,3,elsa;hrs;share,1.1722320594310114,0.8683077926155129,1.5825356087369986,0.3015250351566994,4.5572600644711,0.4243156055994875,0.006554167784816734,1.0,elsa:1.0976;hrs:1.0958;share:1.3559
current_state_decomposition,domain_specific_without_current_states,incident_cancer,alcohol_loss,3,elsa;hrs;share,1.0619417372916302,0.8946503259552467,1.260515109294643,0.6401024153134659,1.7617809688309134,0.0,4.2300630066830894e-13,1.0,elsa:1.2202;hrs:1.0205;share:1.0687
current_state_decomposition,domain_specific_without_current_states,incident_cancer,work_loss,3,elsa;hrs;share,1.0809580747482004,0.6565205482647153,1.7797925174646592,0.08099766717741054,14.425975464256474,0.6560508348201403,0.028156369217334318,0.6666666666666666,elsa:1.0326;hrs:1.2916;share:0.8796
current_state_decomposition,domain_specific_without_current_states,incident_diabetes,activity_loss,4,elsa;hrs;klosa;share,1.3221166547837506,1.1739035935026716,1.489042591343424,1.1257872481300542,1.55268453409826,0.0,4.2300630066830894e-13,1.0,elsa:1.3458;hrs:1.2655;klosa:1.2491;share:1.4650
current_state_decomposition,domain_specific_without_current_states,incident_diabetes,alcohol_loss,4,elsa;hrs;klosa;share,1.2743554563040196,1.0359424994949145,1.5676370356497749,0.9631012109784151,1.6862005887854943,0.16313988586887826,4.2300630066830894e-13,1.0,elsa:1.7658;hrs:1.2617;klosa:1.3439;share:1.1649
current_state_decomposition,domain_specific_without_current_states,incident_diabetes,work_loss,4,elsa;hrs;klosa;share,1.1736885891534585,1.134504339375759,1.2142262100707393,1.1210252210618645,1.2288259696817427,0.0,4.2300630066830894e-13,1.0,elsa:1.2311;hrs:1.1597;klosa:1.1687;share:1.1875
current_state_decomposition,domain_specific_without_current_states,incident_heart_disease,activity_loss,3,elsa;hrs;share,1.1238722020288394,0.769333437177061,1.641796216641568,0.14224152882259558,8.879887167611109,0.7969243394205404,0.018704400010505873,1.0,elsa:1.0595;hrs:1.0055;share:1.3318
current_state_decomposition,domain_specific_without_current_states,incident_heart_disease,alcohol_loss,3,elsa;hrs;share,1.148807367029719,0.8981039405565906,1.4694940161645977,0.4118965753643201,3.2041013338710984,0.19611443120877714,0.0032424898683224143,1.0,elsa:1.2667;hrs:1.2111;share:1.0389
current_state_decomposition,domain_specific_without_current_states,incident_heart_disease,work_loss,3,elsa;hrs;share,1.1905720617838842,0.850205873470416,1.6671983557517156,0.28603482806090286,4.9555567897435235,0.3947387230811804,0.0064725176406094905,1.0,elsa:1.3408;hrs:1.2455;share:1.0057
current_state_decomposition,domain_specific_without_current_states,incident_hypertension,activity_loss,4,elsa;hrs;klosa;share,1.0879100401703061,0.793512398414021,1.4915308921056478,0.48118598882102775,2.459648208800123,0.7069912603419987,0.026115090048329796,0.75,elsa:1.2331;hrs:1.1461;klosa:0.7792;share:1.1909
current_state_decomposition,domain_specific_without_current_states,incident_hypertension,alcohol_loss,4,elsa;hrs;klosa;share,1.0602973454055977,0.9436594047642608,1.1913519379961095,0.9057324770029965,1.2412389852621326,0.0,4.2300630066830894e-13,1.0,elsa:1.2913;hrs:1.0654;klosa:1.0409;share:1.0204
current_state_decomposition,domain_specific_without_current_states,incident_hypertension,work_loss,4,elsa;hrs;klosa;share,1.0059390122306775,0.8520544520185825,1.1876157608593332,0.7508623839104347,1.3476681187006105,0.11514779361210499,0.0018983710814875381,0.5,elsa:1.0378;hrs:1.0904;klosa:0.8389;share:0.9671
current_state_decomposition,three_domain_any_without_current_states,incident_arthritis,any_withdrawal,4,elsa;hrs;klosa;share,1.123356526595527,1.061083004817709,1.1892847968680482,1.0399945112756253,1.2134005248709658,0.0,4.2300630066830894e-13,0.75,elsa:1.1267;hrs:1.1485;klosa:0.9713;share:1.1134
current_state_decomposition,three_domain_any_without_current_states,incident_cancer,any_withdrawal,4,elsa;hrs;klosa;share,1.1202747603605516,0.9535698898591891,1.316123287917801,0.9009956621026621,1.3929207336826126,0.3918354138323442,4.2300630066830894e-13,0.75,elsa:1.0846;hrs:1.1716;klosa:0.8047;share:1.1290
current_state_decomposition,three_domain_any_without_current_states,incident_diabetes,any_withdrawal,4,elsa;hrs;klosa;share,1.2645372472097998,1.2076649246074869,1.3240878467184598,1.1882607828633744,1.3457100264873394,0.0,4.2300630066830894e-13,1.0,elsa:1.2913;hrs:1.2358;klosa:1.2675;share:1.3089
current_state_decomposition,three_domain_any_without_current_states,incident_heart_disease,any_withdrawal,4,elsa;hrs;klosa;share,1.1529350929262838,1.0788910949674908,1.2320607100209613,1.053975581948637,1.2611860760980298,0.0,4.2300630066830894e-13,1.0,elsa:1.2387;hrs:1.1196;klosa:1.1348;share:1.1713
current_state_decomposition,three_domain_any_without_current_states,incident_hypertension,any_withdrawal,4,elsa;hrs;klosa;share,1.0547380032359204,0.8784262189102058,1.266437899417726,0.6964953398761367,1.5972429272361484,0.566970199557506,0.00599886673070784,0.75,elsa:1.1333;hrs:1.1079;klosa:0.8536;share:1.0812
current_state_decomposition,three_domain_any_without_current_states,incident_stroke,any_withdrawal,4,elsa;hrs;klosa;share,1.238878722697878,1.1132939581866943,1.378630035910195,1.0721871516380042,1.4314856200326092,0.0,4.2300630066830894e-13,1.0,elsa:1.1727;hrs:1.2415;klosa:1.0511;share:1.3092
current_state_decomposition,two_domain_any_without_current_states,incident_arthritis,two_domain_any,4,elsa;hrs;klosa;share,1.1325780140479813,1.0094610081236075,1.2707107531465938,0.9693872855408596,1.323240955434217,0.24809686550023458,4.2300630066830894e-13,0.75,elsa:1.1901;hrs:1.1564;klosa:0.8047;share:1.1252
current_state_decomposition,two_domain_any_without_current_states,incident_cancer,two_domain_any,4,elsa;hrs;klosa;share,1.0852491169904808,0.7972744316058065,1.477239955577726,0.5710679957906972,2.0623912644551043,0.6073602136873226,0.012878820301452711,0.75,elsa:1.1377;hrs:1.0907;klosa:0.6931;share:1.2317
current_state_decomposition,two_domain_any_without_current_states,incident_diabetes,two_domain_any,4,elsa;hrs;klosa;share,1.3260947506525078,1.2744573852173138,1.3798243143361613,1.256763809901727,1.3992504190947745,0.0,4.2300630066830894e-13,1.0,elsa:1.4022;hrs:1.3112;klosa:1.2952;share:1.3390
current_state_decomposition,two_domain_any_without_current_states,incident_heart_disease,two_domain_any,4,elsa;hrs;klosa;share,1.1183148316780949,1.0507899277647001,1.1901789593773633,1.0280046174176087,1.2165587990186624,0.0,4.2300630066830894e-13,1.0,elsa:1.1392;hrs:1.0879;klosa:1.0546;share:1.1674
current_state_decomposition,two_domain_any_without_current_states,incident_hypertension,two_domain_any,4,elsa;hrs;klosa;share,1.0949644149171844,0.85863530681622,1.3963402860529603,0.6066615122752665,1.9763031701785658,0.6384544946977389,0.01299879068616337,0.75,elsa:1.2837;hrs:1.1087;klosa:0.8530;share:1.1300
current_state_decomposition,two_domain_any_without_current_states,incident_stroke,two_domain_any,4,elsa;hrs;klosa;share,1.2659499305794888,1.194196558429793,1.3420146084171043,1.1699195564673677,1.3698627549858504,0.0,4.2300630066830894e-13,1.0,elsa:1.2670;hrs:1.2650;klosa:1.1370;share:1.2971
frailty_head_to_head,M1b_any_withdrawal,incident_arthritis,any_withdrawal,3,elsa;hrs;share,1.1374106119966856,0.9680625134313074,1.3363836346654225,0.7065756093507284,1.8309475775302482,0.0,4.2300630066830894e-13,0.6666666666666666,elsa:0.9715;hrs:1.2180;share:1.1420
frailty_head_to_head,M1b_any_withdrawal,incident_cancer,any_withdrawal,3,elsa;hrs;share,0.8623541550074477,0.38871736743491886,1.9130986957589842,0.01934851217276685,38.43472211291304,0.591624354081239,0.05500618338578298,0.3333333333333333,elsa:0.5623;hrs:1.1066;share:0.9095
frailty_head_to_head,M1b_any_withdrawal,incident_diabetes,any_withdrawal,3,elsa;hrs;share,1.0614664013021295,0.7480702439207918,1.50615658121618,0.37769418226587953,2.9831301989717716,0.0,3.706915005177815e-13,0.6666666666666666,elsa:0.9139;hrs:1.2567;share:1.0042
frailty_head_to_head,M1b_any_withdrawal,incident_heart_disease,any_withdrawal,3,elsa;hrs;share,1.0223267321756664,0.8200242170443902,1.2745379046097116,0.5330782648023248,1.9605975638652948,0.0,4.2300630066830894e-13,0.6666666666666666,elsa:1.0659;hrs:1.1317;share:0.9632
frailty_head_to_head,M1b_any_withdrawal,incident_hypertension,any_withdrawal,3,elsa;hrs;share,0.9388073671720399,0.4310657923029564,2.044604996253266,0.017481378958970433,50.41703373201204,0.7085021837887331,0.06556135694245874,0.3333333333333333,elsa:0.6417;hrs:1.2507;share:0.9414
frailty_head_to_head,M2_fried,incident_cancer,frail,3,elsa;hrs;share,1.283354180461496,0.8489700503775593,1.9399953529285694,0.378790206032898,4.348047880532995,0.0,6.297552933276127e-13,1.0,elsa:1.1604;hrs:1.0721;share:1.4473
frailty_head_to_head,M2_fried,incident_cancer,prefrail,3,elsa;hrs;share,1.0465022060431528,0.6177968622741493,1.7726973607826482,0.05888344965136339,18.598891093124468,0.7912998892441191,0.03628654425565978,0.3333333333333333,elsa:0.9832;hrs:0.8670;share:1.2979
frailty_head_to_head,M2_fried,incident_diabetes,frail,3,elsa;hrs;share,1.5531853669942606,0.9629977063181179,2.505078432085264,0.37858512775529074,6.372106581546463,0.0,6.408864009301679e-13,1.0,elsa:1.7888;hrs:1.1611;share:1.6560
frailty_head_to_head,M2_fried,incident_diabetes,prefrail,3,elsa;hrs;share,1.1710343565298178,0.9494812145527878,1.4442849875856747,0.6303631165693335,2.1754468624948062,0.0,4.2300630066830894e-13,1.0,elsa:1.2035;hrs:1.2859;share:1.1020
frailty_head_to_head,M2_fried,incident_heart_disease,frail,3,elsa;hrs;share,1.717638149213211,0.8821452876623176,3.3444386688850534,0.04878325404539907,60.477327094395335,0.7230980372120297,0.05457341514205145,1.0,elsa:1.4922;hrs:1.3932;share:2.2401
frailty_head_to_head,M2_fried,incident_heart_disease,prefrail,3,elsa;hrs;share,1.1994294671332508,0.8537587449179973,1.6850557082911444,0.21148095385427693,6.802650642567355,0.6408974283336927,0.012412652240312759,1.0,elsa:1.0513;hrs:1.1317;share:1.3651
frailty_head_to_head,M3b_fried_any_withdrawal,incident_cancer,any_withdrawal,3,elsa;hrs;share,0.8656360596744482,0.39400929488878694,1.901797235570825,0.02094048441065984,35.7835937848342,0.582274777069827,0.052332657176674985,0.3333333333333333,elsa:0.5656;hrs:1.1067;share:0.9117
frailty_head_to_head,M3b_fried_any_withdrawal,incident_cancer,frail,3,elsa;hrs;share,1.2807868310519595,0.8422039502866555,1.947764441187652,0.3713940795585503,4.416911838083055,0.0,6.480056610543877e-13,1.0,elsa:1.1451;hrs:1.0720;share:1.4471
frailty_head_to_head,M3b_fried_any_withdrawal,incident_cancer,prefrail,3,elsa;hrs;share,1.0494195919105125,0.6213905604057365,1.7722854997451931,0.060238427701562514,18.282042242896395,0.7883164972909513,0.03574849380105684,0.3333333333333333,elsa:0.9922;hrs:0.8670;share:1.2976
frailty_head_to_head,M3b_fried_any_withdrawal,incident_diabetes,any_withdrawal,3,elsa;hrs;share,1.0614591589188294,0.7554767767453393,1.491370192617399,0.3888496089398994,2.897509783086372,0.0,3.667261000145082e-13,0.6666666666666666,elsa:0.9181;hrs:1.2505;share:1.0054
frailty_head_to_head,M3b_fried_any_withdrawal,incident_diabetes,frail,3,elsa;hrs;share,1.5525973111738707,0.962980834459918,2.5032257386682883,0.37884563578497754,6.3629039982725315,0.0,6.421513405178774e-13,1.0,elsa:1.7864;hrs:1.1610;share:1.6560
frailty_head_to_head,M3b_fried_any_withdrawal,incident_diabetes,prefrail,3,elsa;hrs;share,1.1708936293679773,0.9507844426105136,1.4419586920566994,0.6330702027391321,2.165623789214189,0.0,4.2300630066830894e-13,1.0,elsa:1.2056;hrs:1.2839;share:1.1020
frailty_head_to_head,M3b_fried_any_withdrawal,incident_heart_disease,any_withdrawal,3,elsa;hrs;share,1.0255216392468938,0.8349402991011349,1.2596045893291423,0.5588090552888593,1.882028615338015,0.0,4.2300630066830894e-13,0.6666666666666666,elsa:1.0690;hrs:1.1269;share:0.9700
frailty_head_to_head,M3b_fried_any_withdrawal,incident_heart_disease,frail,3,elsa;hrs;share,1.7164516183017886,0.8808886074820398,3.3445842447575287,0.048498696346788696,60.74815159780908,0.7240884410453602,0.054748279531667804,1.0,elsa:1.4922;hrs:1.3913;share:2.2395
frailty_head_to_head,M3b_fried_any_withdrawal,incident_heart_disease,prefrail,3,elsa;hrs;share,1.1983626197924788,0.8517113445626322,1.686102900570545,0.20909294862378425,6.868108073313287,0.6443464746806,0.012582720468958395,1.0,elsa:1.0502;hrs:1.1302;share:1.3650
frailty_head_to_head,nonfrail_any_withdrawal,incident_arthritis,any_withdrawal,3,elsa;hrs;share,1.1064445807613448,0.9621334537533165,1.2724010432444939,0.7323060155675117,1.671732287146952,0.0,4.2300630066830894e-13,0.6666666666666666,elsa:0.9832;hrs:1.1946;share:1.1046
frailty_head_to_head,nonfrail_any_withdrawal,incident_cancer,any_withdrawal,3,elsa;hrs;share,0.8245934205257821,0.31198058508327975,2.1794763574563563,0.00637705089504563,106.62519718992199,0.6629558597670783,0.09540165131789427,0.3333333333333333,elsa:0.4932;hrs:1.1075;share:0.8933
frailty_head_to_head,nonfrail_any_withdrawal,incident_diabetes,any_withdrawal,3,elsa;hrs;share,1.057412059951637,0.7445854752574355,1.5016681115684964,0.3753167737900163,2.9791374716354526,0.0,4.2341813984003893e-13,0.3333333333333333,elsa:0.9889;hrs:1.2504;share:0.9740
frailty_head_to_head,nonfrail_any_withdrawal,incident_heart_disease,any_withdrawal,3,elsa;hrs;share,1.057575378200485,0.8832685115229255,1.2662804866070094,0.6213313810744455,1.800111365116916,0.0,4.958820569367728e-13,1.0,elsa:1.1016;hrs:1.1443;share:1.0057
frailty_head_to_head,nonfrail_any_withdrawal,incident_hypertension,any_withdrawal,3,elsa;hrs;share,0.9663814524208789,0.42887652244502084,2.1775337718627545,0.014925484430735856,62.57037189760707,0.7130211298324385,0.07208164659057309,0.3333333333333333,elsa:0.6458;hrs:1.2924;share:0.9803
specificity,any_withdrawal,incident_arthritis,any_withdrawal,4,elsa;hrs;klosa;share,1.1410878446362422,1.078729998779236,1.2070503931939491,1.0576009767857135,1.2311651537368113,0.0,6.04316129717034e-13,0.75,elsa:1.1341;hrs:1.1703;klosa:0.9933;share:1.1297
specificity,any_withdrawal,incident_cancer,any_withdrawal,4,elsa;hrs;klosa;share,0.9745476452598546,0.7230438072099338,1.3135346757845503,0.4550551100987892,2.0870947096393335,0.5307156447328335,0.02252993569193125,0.25,elsa:0.8242;hrs:1.2009;klosa:0.8497;share:0.9017
specificity,any_withdrawal,incident_diabetes,any_withdrawal,4,elsa;hrs;klosa;share,1.0510393277357744,0.9081946178956938,1.2163512607097848,0.8626772024788725,1.2805295715164364,0.0,4.2300630066830894e-13,0.5,elsa:0.9875;hrs:1.0779;klosa:1.2207;share:0.9465
specificity,any_withdrawal,incident_heart_disease,any_withdrawal,4,elsa;hrs;klosa;share,0.9619115224113552,0.8659515444591172,1.0685052562908324,0.8345031511540192,1.1087720587611765,0.0,5.2893637441801e-13,0.5,elsa:1.0218;hrs:0.9387;klosa:1.1880;share:0.9389
specificity,any_withdrawal,incident_hypertension,any_withdrawal,4,elsa;hrs;klosa;share,1.0669590165836182,0.8920566730517012,1.2761538335615403,0.7475978886093364,1.522745797458991,0.23547883547134857,0.003669450337692105,0.5,elsa:0.9700;hrs:1.1388;klosa:1.2297;share:0.9617
specificity,any_withdrawal,incident_stroke,any_withdrawal,4,elsa;hrs;klosa;share,1.0092029872845452,0.801317911599258,1.271019472797459,0.7388294158126689,1.3785193818031323,0.0,6.332939553593344e-13,0.75,elsa:0.6932;hrs:1.0072;klosa:1.1312;share:1.0905
specificity,domain_specific_current_adjusted,incident_arthritis,activity_loss,3,elsa;hrs;share,1.0601733648313816,0.8378224635807187,1.3415342896086084,0.5290486338212906,2.1245070710787677,0.0,4.2300630066830894e-13,0.6666666666666666,elsa:1.1068;hrs:1.1192;share:0.9443
specificity,domain_specific_current_adjusted,incident_arthritis,alcohol_loss,3,elsa;hrs;share,1.1848770104193473,1.0083684084341158,1.3922823425224546,0.7358613865417996,1.907877700198557,0.0,5.072997236304592e-13,1.0,elsa:1.3594;hrs:1.2321;share:1.1341
specificity,domain_specific_current_adjusted,incident_arthritis,work_loss,3,elsa;hrs;share,1.0400049417668873,0.9279229986096293,1.1656250362586091,0.7426551374286722,1.4564098790785367,0.0,4.2300630066830894e-13,0.6666666666666666,elsa:0.9631;hrs:1.0231;share:1.0765
specificity,domain_specific_current_adjusted,incident_cancer,activity_loss,3,elsa;hrs;share,0.9835512764719139,0.7315622042701025,1.3223388357176038,0.4103810879593342,2.357255589578706,0.0,4.2300630066830894e-13,0.3333333333333333,elsa:0.8434;hrs:1.0586;share:0.9017
specificity,domain_specific_current_adjusted,incident_cancer,alcohol_loss,3,elsa;hrs;share,1.0704039112019728,0.901923872921391,1.2703561437012125,0.6455083781910962,1.774980111532013,0.0,3.771407593625074e-13,1.0,elsa:1.2415;hrs:1.0770;share:1.0148
specificity,domain_specific_current_adjusted,incident_cancer,work_loss,3,elsa;hrs;share,1.009490791614521,0.5556280446679791,1.8340896722797144,0.04806303599295764,21.202814955422927,0.6202455458152657,0.03816016429119872,0.3333333333333333,elsa:0.8066;hrs:1.2607;share:0.8960
specificity,domain_specific_current_adjusted,incident_diabetes,activity_loss,4,elsa;hrs;klosa;share,1.0922558078829476,0.8662567163410562,1.3772161616168321,0.7983779095011925,1.494308316470583,0.0,4.2300630066830894e-13,0.75,elsa:1.1299;hrs:1.1166;klosa:1.2996;share:0.8479
specificity,domain_specific_current_adjusted,incident_diabetes,alcohol_loss,4,elsa;hrs;klosa;share,1.159390363351576,0.8098978696456233,1.6596981730803388,0.6014347862413398,2.2349655280715894,0.3778850279669655,0.010561855997940283,0.75,elsa:1.8703;hrs:1.1348;klosa:1.3453;share:0.9647
specificity,domain_specific_current_adjusted,incident_diabetes,work_loss,4,elsa;hrs;klosa;share,1.2027872504750916,1.0452366612204924,1.384085751657586,0.9948371693819192,1.454204983921386,0.0,4.417796777619407e-13,1.0,elsa:1.4765;hrs:1.1886;klosa:1.1067;share:1.1773
specificity,domain_specific_current_adjusted,incident_heart_disease,activity_loss,3,elsa;hrs;share,0.7829497120523521,0.5917014652087603,1.0360127321749706,0.34240771632363826,1.7902933327105681,0.0,4.2300630066830894e-13,0.0,elsa:0.6937;hrs:0.7708;share:0.9289
specificity,domain_specific_current_adjusted,incident_heart_disease,alcohol_loss,3,elsa;hrs;share,1.0008780123213146,0.8297324283003303,1.207325110337461,0.5752687725717114,1.7413717610117443,0.0,4.2300630066830894e-13,0.3333333333333333,elsa:0.8664;hrs:1.0521;share:0.9662
specificity,domain_specific_current_adjusted,incident_heart_disease,work_loss,3,elsa;hrs;share,1.0278572597206623,0.8540254335096257,1.237071526100588,0.5947297999984528,1.7764210677911507,0.0,4.2300630066830894e-13,0.6666666666666666,elsa:1.1001;hrs:1.0558;share:0.9287
specificity,domain_specific_current_adjusted,incident_hypertension,activity_loss,4,elsa;hrs;klosa;share,1.1133236630460739,1.0556134693894363,1.1741888623448933,1.0360197050635178,1.1963957564130845,0.0,4.2300630066830894e-13,1.0,elsa:1.1255;hrs:1.1339;klosa:1.1118;share:1.0475
specificity,domain_specific_current_adjusted,incident_hypertension,alcohol_loss,4,elsa;hrs;klosa;share,1.1119724940679572,0.8688669727644756,1.4230979727881627,0.667088765013909,1.8535506703338527,0.26831779530533206,0.00809385945114756,0.75,elsa:1.1856;hrs:1.1574;klosa:1.4446;share:0.9578
specificity,domain_specific_current_adjusted,incident_hypertension,work_loss,4,elsa;hrs;klosa;share,1.1047939115596481,0.8702319973509972,1.402579531360263,0.6096125609542881,2.0022054419426443,0.46446098933645713,0.013473296616841835,0.75,elsa:1.1070;hrs:1.2581;klosa:1.1638;share:0.9158
specificity,two_domain_any_current_adjusted,incident_arthritis,two_domain_any,4,elsa;hrs;klosa;share,1.1340838672194917,0.9751799348260828,1.3188809284892575,0.9247147662154748,1.3908572295771289,0.0,5.428642242378157e-13,0.75,elsa:1.1916;hrs:1.1592;klosa:0.7771;share:1.1417
specificity,two_domain_any_current_adjusted,incident_cancer,two_domain_any,4,elsa;hrs;klosa;share,0.9952315679648924,0.8359304033747414,1.184890356751184,0.7861493409976206,1.2599207583344603,0.0,5.445499268494809e-13,0.75,elsa:1.0120;hrs:1.0324;klosa:0.7257;share:1.0137
specificity,two_domain_any_current_adjusted,incident_diabetes,two_domain_any,4,elsa;hrs;klosa;share,1.059839347983917,0.8236708631617846,1.3637236592577453,0.6469396347097358,1.7362662345443565,0.23759086229101178,0.006886486550941628,0.5,elsa:0.9740;hrs:1.1244;klosa:1.2924;share:0.8759
specificity,two_domain_any_current_adjusted,incident_heart_disease,two_domain_any,4,elsa;hrs;klosa;share,0.8812355369196695,0.7896003078996413,0.9835052795202321,0.7596656982882485,1.0222602827532605,0.0,5.251791237820279e-13,0.0,elsa:0.7662;hrs:0.9069;klosa:0.9486;share:0.8855
specificity,two_domain_any_current_adjusted,incident_hypertension,two_domain_any,4,elsa;hrs;klosa;share,1.0621531048379507,0.9771684618505194,1.1545288884788818,0.9489011759219864,1.1889217199259228,0.0,4.2300630066830894e-13,1.0,elsa:1.1633;hrs:1.0297;klosa:1.1399;share:1.0435
specificity,two_domain_any_current_adjusted,incident_stroke,two_domain_any,4,elsa;hrs;klosa;share,1.0351665023028107,0.8052628064140172,1.3307080358792818,0.7371308692159276,1.4537034497410803,0.0,6.030734127920191e-13,0.5,elsa:0.7719;hrs:0.9937;klosa:1.3678;share:1.1102
