cohort,group,variable,summary_type,mean,sd,count,denominator,percent
charls,all,age_years,mean_sd,67.00386313465783,5.981702864998716,,1812,
charls,all,female,count_percent,,,802.0,1812,44.260485651214125
charls,all,education_rank,mean_sd,0.4962714352784018,0.11617203094366031,,1812,
charls,all,economic_rank,mean_sd,0.4870729784635077,0.2856432058318174,,1733,
charls,all,current_smoking,count_percent,,,281.0,1364,20.60117302052786
charls,all,baseline_disease_count,mean_sd,0.9775659001682557,0.9660635050819066,,1783,
charls,all,current_drinking,count_percent,,,666.0,1812,36.75496688741722
charls,all,current_regular_activity,count_percent,,,1136.0,1812,62.69315673289183
charls,all,current_paid_work,count_percent,,,1142.0,1812,63.0242825607064
charls,all,alcohol_withdrawal,count_percent,,,176.0,1812,9.713024282560706
charls,all,activity_withdrawal,count_percent,,,469.0,1812,25.88300220750552
charls,all,paid_work_withdrawal,count_percent,,,289.0,1812,15.949227373068434
charls,all,baseline_diabetes,count_percent,,,123.0,1800,6.833333333333333
charls,all,baseline_stroke,count_percent,,,50.0,1809,2.7639579878385847
charls,all,baseline_heart_disease,count_percent,,,270.0,1807,14.941892639734366
charls,all,baseline_hypertension,count_percent,,,605.0,1801,33.592448639644644
charls,all,baseline_cancer,count_percent,,,21.0,1809,1.1608623548922057
charls,all,baseline_arthritis,count_percent,,,695.0,1809,38.41901603095633
charls,all,fried_robust,count_percent,,,616.0,1331,46.28099173553719
charls,all,fried_prefrail,count_percent,,,643.0,1331,48.30954169797145
charls,all,fried_frail,count_percent,,,72.0,1331,5.40946656649136
charls,all,frailty_index,mean_sd,0.21227144150346894,0.12014498774789499,,1763,
charls,withdrawal_0,age_years,mean_sd,66.27550047664442,5.463391381168487,,1049,
charls,withdrawal_0,female,count_percent,,,450.0,1049,42.89799809342231
charls,withdrawal_0,education_rank,mean_sd,0.49745237396090686,0.11853370809571132,,1049,
charls,withdrawal_0,economic_rank,mean_sd,0.508794772124369,0.28242216823883576,,1006,
charls,withdrawal_0,current_smoking,count_percent,,,176.0,801,21.972534332084894
charls,withdrawal_0,baseline_disease_count,mean_sd,0.9448209099709584,0.9634074258015044,,1033,
charls,withdrawal_0,current_drinking,count_percent,,,480.0,1049,45.7578646329838
charls,withdrawal_0,current_regular_activity,count_percent,,,934.0,1049,89.0371782650143
charls,withdrawal_0,current_paid_work,count_percent,,,852.0,1049,81.22020972354623
charls,withdrawal_0,alcohol_withdrawal,count_percent,,,0.0,1049,0.0
charls,withdrawal_0,activity_withdrawal,count_percent,,,0.0,1049,0.0
charls,withdrawal_0,paid_work_withdrawal,count_percent,,,0.0,1049,0.0
charls,withdrawal_0,baseline_diabetes,count_percent,,,72.0,1042,6.90978886756238
charls,withdrawal_0,baseline_stroke,count_percent,,,27.0,1049,2.573879885605338
charls,withdrawal_0,baseline_heart_disease,count_percent,,,140.0,1047,13.371537726838586
charls,withdrawal_0,baseline_hypertension,count_percent,,,332.0,1043,31.83125599232982
charls,withdrawal_0,baseline_cancer,count_percent,,,9.0,1047,0.8595988538681948
charls,withdrawal_0,baseline_arthritis,count_percent,,,405.0,1046,38.718929254302104
charls,withdrawal_0,fried_robust,count_percent,,,399.0,786,50.76335877862596
charls,withdrawal_0,fried_prefrail,count_percent,,,365.0,786,46.43765903307888
charls,withdrawal_0,fried_frail,count_percent,,,22.0,786,2.7989821882951653
charls,withdrawal_0,frailty_index,mean_sd,0.20346653092023914,0.11391563675994373,,1028,
charls,withdrawal_1,age_years,mean_sd,67.69281045751634,6.356852349536057,,612,
charls,withdrawal_1,female,count_percent,,,292.0,612,47.712418300653596
charls,withdrawal_1,education_rank,mean_sd,0.49479121785883085,0.1133180513312618,,612,
charls,withdrawal_1,economic_rank,mean_sd,0.4670044746684285,0.28802403829514645,,583,
charls,withdrawal_1,current_smoking,count_percent,,,87.0,459,18.954248366013072
charls,withdrawal_1,baseline_disease_count,mean_sd,1.020033388981636,0.9812281562080685,,599,
charls,withdrawal_1,current_drinking,count_percent,,,164.0,612,26.797385620915033
charls,withdrawal_1,current_regular_activity,count_percent,,,194.0,612,31.69934640522876
charls,withdrawal_1,current_paid_work,count_percent,,,272.0,612,44.44444444444444
charls,withdrawal_1,alcohol_withdrawal,count_percent,,,109.0,612,17.81045751633987
charls,withdrawal_1,activity_withdrawal,count_percent,,,332.0,612,54.248366013071895
charls,withdrawal_1,paid_work_withdrawal,count_percent,,,171.0,612,27.941176470588236
charls,withdrawal_1,baseline_diabetes,count_percent,,,39.0,607,6.42504118616145
charls,withdrawal_1,baseline_stroke,count_percent,,,17.0,609,2.7914614121510675
charls,withdrawal_1,baseline_heart_disease,count_percent,,,104.0,609,17.077175697865353
charls,withdrawal_1,baseline_hypertension,count_percent,,,219.0,607,36.07907742998353
charls,withdrawal_1,baseline_cancer,count_percent,,,9.0,611,1.4729950900163666
charls,withdrawal_1,baseline_arthritis,count_percent,,,235.0,612,38.39869281045752
charls,withdrawal_1,fried_robust,count_percent,,,181.0,446,40.582959641255606
charls,withdrawal_1,fried_prefrail,count_percent,,,226.0,446,50.672645739910315
charls,withdrawal_1,fried_frail,count_percent,,,39.0,446,8.74439461883408
charls,withdrawal_1,frailty_index,mean_sd,0.21726159429551994,0.12318728194875843,,593,
charls,withdrawal_2_plus,age_years,mean_sd,69.27152317880795,6.930063756161206,,151,
charls,withdrawal_2_plus,female,count_percent,,,60.0,151,39.735099337748345
charls,withdrawal_2_plus,education_rank,mean_sd,0.49406672258190826,0.11156822067909404,,151,
charls,withdrawal_2_plus,economic_rank,mean_sd,0.41657168186423504,0.28296193013737314,,144,
charls,withdrawal_2_plus,current_smoking,count_percent,,,18.0,104,17.307692307692307
charls,withdrawal_2_plus,baseline_disease_count,mean_sd,1.033112582781457,0.9195449493675035,,151,
charls,withdrawal_2_plus,current_drinking,count_percent,,,22.0,151,14.56953642384106
charls,withdrawal_2_plus,current_regular_activity,count_percent,,,8.0,151,5.298013245033113
charls,withdrawal_2_plus,current_paid_work,count_percent,,,18.0,151,11.920529801324504
charls,withdrawal_2_plus,alcohol_withdrawal,count_percent,,,67.0,151,44.370860927152314
charls,withdrawal_2_plus,activity_withdrawal,count_percent,,,137.0,151,90.72847682119205
charls,withdrawal_2_plus,paid_work_withdrawal,count_percent,,,118.0,151,78.1456953642384
charls,withdrawal_2_plus,baseline_diabetes,count_percent,,,12.0,151,7.947019867549669
charls,withdrawal_2_plus,baseline_stroke,count_percent,,,6.0,151,3.9735099337748343
charls,withdrawal_2_plus,baseline_heart_disease,count_percent,,,26.0,151,17.218543046357617
charls,withdrawal_2_plus,baseline_hypertension,count_percent,,,54.0,151,35.76158940397351
charls,withdrawal_2_plus,baseline_cancer,count_percent,,,3.0,151,1.9867549668874172
charls,withdrawal_2_plus,baseline_arthritis,count_percent,,,55.0,151,36.42384105960265
charls,withdrawal_2_plus,fried_robust,count_percent,,,36.0,99,36.36363636363637
charls,withdrawal_2_plus,fried_prefrail,count_percent,,,52.0,99,52.525252525252526
charls,withdrawal_2_plus,fried_frail,count_percent,,,11.0,99,11.11111111111111
charls,withdrawal_2_plus,frailty_index,mean_sd,0.25517487441807446,0.1400986835019613,,142,
elsa,all,age_years,mean_sd,70.41321598614918,7.514355448375772,,34655,
elsa,all,female,count_percent,,,18701.0,34655,53.96335305150772
elsa,all,education_rank,mean_sd,0.5266764212674414,0.26022439314738566,,31553,
elsa,all,economic_rank,mean_sd,0.5278744626985233,0.28571437046367065,,34216,
elsa,all,current_smoking,count_percent,,,3270.0,34605,9.449501517121803
elsa,all,baseline_disease_count,mean_sd,1.314191723899117,1.0752040957789848,,34654,
elsa,all,current_drinking,count_percent,,,31124.0,34655,89.81099408454769
elsa,all,current_regular_activity,count_percent,,,27364.0,34655,78.96118886163613
elsa,all,current_paid_work,count_percent,,,6859.0,34655,19.792237772327226
elsa,all,alcohol_withdrawal,count_percent,,,1353.0,34655,3.904198528350887
elsa,all,activity_withdrawal,count_percent,,,3951.0,34655,11.4009522435435
elsa,all,paid_work_withdrawal,count_percent,,,2684.0,34655,7.74491415380176
elsa,all,baseline_diabetes,count_percent,,,3588.0,34655,10.353484345693262
elsa,all,baseline_stroke,count_percent,,,1513.0,34655,4.36589236762372
elsa,all,baseline_heart_disease,count_percent,,,6790.0,34655,19.593132304140816
elsa,all,baseline_hypertension,count_percent,,,15791.0,34655,45.566296349733086
elsa,all,baseline_cancer,count_percent,,,3950.0,34655,11.398066657048044
elsa,all,baseline_arthritis,count_percent,,,13911.0,34654,40.142552086339236
elsa,all,fried_robust,count_percent,,,8650.0,15595,55.46649567168964
elsa,all,fried_prefrail,count_percent,,,6084.0,15595,39.01250400769477
elsa,all,fried_frail,count_percent,,,861.0,15595,5.521000320615582
elsa,all,frailty_index,mean_sd,0.15534994258801743,0.1052523848654831,,10605,
elsa,withdrawal_0,age_years,mean_sd,70.35347332033979,7.359287068087391,,27193,
elsa,withdrawal_0,female,count_percent,,,14424.0,27193,53.04306255286287
elsa,withdrawal_0,education_rank,mean_sd,0.5364820784782055,0.25963320587775524,,24774,
elsa,withdrawal_0,economic_rank,mean_sd,0.5437351100870499,0.28521207571816204,,26856,
elsa,withdrawal_0,current_smoking,count_percent,,,2401.0,27155,8.841833916405818
elsa,withdrawal_0,baseline_disease_count,mean_sd,1.2807075610473668,1.0632658830567059,,27192,
elsa,withdrawal_0,current_drinking,count_percent,,,25644.0,27193,94.3036810943993
elsa,withdrawal_0,current_regular_activity,count_percent,,,24321.0,27193,89.43845842680102
elsa,withdrawal_0,current_paid_work,count_percent,,,6272.0,27193,23.06475931305851
elsa,withdrawal_0,alcohol_withdrawal,count_percent,,,0.0,27193,0.0
elsa,withdrawal_0,activity_withdrawal,count_percent,,,0.0,27193,0.0
elsa,withdrawal_0,paid_work_withdrawal,count_percent,,,0.0,27193,0.0
elsa,withdrawal_0,baseline_diabetes,count_percent,,,2635.0,27193,9.68999374839113
elsa,withdrawal_0,baseline_stroke,count_percent,,,1105.0,27193,4.063545765454345
elsa,withdrawal_0,baseline_heart_disease,count_percent,,,5187.0,27193,19.074761887250396
elsa,withdrawal_0,baseline_hypertension,count_percent,,,12178.0,27193,44.783584010590964
elsa,withdrawal_0,baseline_cancer,count_percent,,,3073.0,27193,11.300702386643621
elsa,withdrawal_0,baseline_arthritis,count_percent,,,10648.0,27192,39.15857605177994
elsa,withdrawal_0,fried_robust,count_percent,,,7251.0,12306,58.92247684056558
elsa,withdrawal_0,fried_prefrail,count_percent,,,4540.0,12306,36.8925727287502
elsa,withdrawal_0,fried_frail,count_percent,,,515.0,12306,4.184950430684219
elsa,withdrawal_0,frailty_index,mean_sd,0.14862089840485196,0.10186618316104773,,8438,
elsa,withdrawal_1,age_years,mean_sd,70.67098445595855,8.046502516282478,,6948,
elsa,withdrawal_1,female,count_percent,,,3966.0,6948,57.08117443868739
elsa,withdrawal_1,education_rank,mean_sd,0.4936684885595205,0.2594079513704412,,6314,
elsa,withdrawal_1,economic_rank,mean_sd,0.47527324865557363,0.2801698984053084,,6853,
elsa,withdrawal_1,current_smoking,count_percent,,,795.0,6936,11.461937716262975
elsa,withdrawal_1,baseline_disease_count,mean_sd,1.4261658031088082,1.1036093119008894,,6948,
elsa,withdrawal_1,current_drinking,count_percent,,,5269.0,6948,75.83477259643062
elsa,withdrawal_1,current_regular_activity,count_percent,,,2991.0,6948,43.04835924006908
elsa,withdrawal_1,current_paid_work,count_percent,,,570.0,6948,8.203799654576857
elsa,withdrawal_1,alcohol_withdrawal,count_percent,,,1070.0,6948,15.400115141047783
elsa,withdrawal_1,activity_withdrawal,count_percent,,,3494.0,6948,50.28785261945884
elsa,withdrawal_1,paid_work_withdrawal,count_percent,,,2384.0,6948,34.31203223949338
elsa,withdrawal_1,baseline_diabetes,count_percent,,,879.0,6948,12.651122625215889
elsa,withdrawal_1,baseline_stroke,count_percent,,,375.0,6948,5.397236614853195
elsa,withdrawal_1,baseline_heart_disease,count_percent,,,1484.0,6948,21.358664363845712
elsa,withdrawal_1,baseline_hypertension,count_percent,,,3335.0,6948,47.999424294761084
elsa,withdrawal_1,baseline_cancer,count_percent,,,801.0,6948,11.528497409326425
elsa,withdrawal_1,baseline_arthritis,count_percent,,,3035.0,6948,43.68163500287853
elsa,withdrawal_1,fried_robust,count_percent,,,1325.0,3064,43.24412532637076
elsa,withdrawal_1,fried_prefrail,count_percent,,,1419.0,3064,46.31201044386423
elsa,withdrawal_1,fried_frail,count_percent,,,320.0,3064,10.443864229765014
elsa,withdrawal_1,frailty_index,mean_sd,0.18006895761455605,0.11311256454688978,,2016,
elsa,withdrawal_2_plus,age_years,mean_sd,70.08949416342412,8.09999437687607,,514,
elsa,withdrawal_2_plus,female,count_percent,,,311.0,514,60.505836575875485
elsa,withdrawal_2_plus,education_rank,mean_sd,0.4524543468122605,0.2543793584266025,,465,
elsa,withdrawal_2_plus,economic_rank,mean_sd,0.3987276650063492,0.268561835667164,,507,
elsa,withdrawal_2_plus,current_smoking,count_percent,,,74.0,514,14.396887159533074
elsa,withdrawal_2_plus,baseline_disease_count,mean_sd,1.5719844357976653,1.1746481998962357,,514,
elsa,withdrawal_2_plus,current_drinking,count_percent,,,211.0,514,41.05058365758755
elsa,withdrawal_2_plus,current_regular_activity,count_percent,,,52.0,514,10.116731517509727
elsa,withdrawal_2_plus,current_paid_work,count_percent,,,17.0,514,3.307392996108949
elsa,withdrawal_2_plus,alcohol_withdrawal,count_percent,,,283.0,514,55.05836575875487
elsa,withdrawal_2_plus,activity_withdrawal,count_percent,,,457.0,514,88.91050583657588
elsa,withdrawal_2_plus,paid_work_withdrawal,count_percent,,,300.0,514,58.36575875486381
elsa,withdrawal_2_plus,baseline_diabetes,count_percent,,,74.0,514,14.396887159533074
elsa,withdrawal_2_plus,baseline_stroke,count_percent,,,33.0,514,6.42023346303502
elsa,withdrawal_2_plus,baseline_heart_disease,count_percent,,,119.0,514,23.151750972762645
elsa,withdrawal_2_plus,baseline_hypertension,count_percent,,,278.0,514,54.08560311284047
elsa,withdrawal_2_plus,baseline_cancer,count_percent,,,76.0,514,14.785992217898833
elsa,withdrawal_2_plus,baseline_arthritis,count_percent,,,228.0,514,44.3579766536965
elsa,withdrawal_2_plus,fried_robust,count_percent,,,74.0,225,32.888888888888886
elsa,withdrawal_2_plus,fried_prefrail,count_percent,,,125.0,225,55.55555555555556
elsa,withdrawal_2_plus,fried_frail,count_percent,,,26.0,225,11.555555555555555
elsa,withdrawal_2_plus,frailty_index,mean_sd,0.20135087321085243,0.12135778013778344,,151,
hrs,all,age_years,mean_sd,71.96504793465068,8.476726408182452,,73329,
hrs,all,female,count_percent,,,40852.0,73329,55.710564715187715
hrs,all,education_rank,mean_sd,0.5218255999387001,0.25422873129405504,,73309,
hrs,all,economic_rank,mean_sd,0.5322968029799532,0.28534402620348565,,73329,
hrs,all,current_smoking,count_percent,,,7306.0,72799,10.03585214082611
hrs,all,baseline_disease_count,mean_sd,2.0423024996931636,1.2508167615583887,,73329,
hrs,all,current_drinking,count_percent,,,42291.0,73329,57.67295340179192
hrs,all,current_regular_activity,count_percent,,,53209.0,73329,72.56201502816076
hrs,all,current_paid_work,count_percent,,,21807.0,73329,29.738575461277257
hrs,all,alcohol_withdrawal,count_percent,,,6222.0,73329,8.485046843677127
hrs,all,activity_withdrawal,count_percent,,,11927.0,73329,16.265052025801523
hrs,all,paid_work_withdrawal,count_percent,,,6587.0,73329,8.982803529299458
hrs,all,baseline_diabetes,count_percent,,,17850.0,73329,24.34234750235241
hrs,all,baseline_stroke,count_percent,,,6616.0,73329,9.022351320759864
hrs,all,baseline_heart_disease,count_percent,,,19648.0,73329,26.79431057289749
hrs,all,baseline_hypertension,count_percent,,,46321.0,73329,63.168732697841236
hrs,all,baseline_cancer,count_percent,,,12770.0,73329,17.414665412047075
hrs,all,baseline_arthritis,count_percent,,,46555.0,73329,63.487842463418296
hrs,all,fried_robust,count_percent,,,8480.0,18370,46.16222101252041
hrs,all,fried_prefrail,count_percent,,,8470.0,18370,46.10778443113772
hrs,all,fried_frail,count_percent,,,1420.0,18370,7.729994556341862
hrs,all,frailty_index,mean_sd,0.21111076381786525,0.12137581420879393,,51916,
hrs,withdrawal_0,age_years,mean_sd,71.70543578476568,8.287083076368145,,50977,
hrs,withdrawal_0,female,count_percent,,,27845.0,50977,54.622672970163016
hrs,withdrawal_0,education_rank,mean_sd,0.5365417764049007,0.25460710658574515,,50965,
hrs,withdrawal_0,economic_rank,mean_sd,0.5543434183928445,0.2828735936201063,,50977,
hrs,withdrawal_0,current_smoking,count_percent,,,4813.0,50611,9.50979036177906
hrs,withdrawal_0,baseline_disease_count,mean_sd,1.9559212978402025,1.2323929072585131,,50977,
hrs,withdrawal_0,current_drinking,count_percent,,,33811.0,50977,66.32599015242168
hrs,withdrawal_0,current_regular_activity,count_percent,,,45004.0,50977,88.28295113482551
hrs,withdrawal_0,current_paid_work,count_percent,,,18329.0,50977,35.955430880593205
hrs,withdrawal_0,alcohol_withdrawal,count_percent,,,0.0,50977,0.0
hrs,withdrawal_0,activity_withdrawal,count_percent,,,0.0,50977,0.0
hrs,withdrawal_0,paid_work_withdrawal,count_percent,,,0.0,50977,0.0
hrs,withdrawal_0,baseline_diabetes,count_percent,,,11422.0,50977,22.406183180650096
hrs,withdrawal_0,baseline_stroke,count_percent,,,4027.0,50977,7.8996410145752005
hrs,withdrawal_0,baseline_heart_disease,count_percent,,,12899.0,50977,25.303568275889127
hrs,withdrawal_0,baseline_hypertension,count_percent,,,31152.0,50977,61.10991231339624
hrs,withdrawal_0,baseline_cancer,count_percent,,,8692.0,50977,17.050826843478433
hrs,withdrawal_0,baseline_arthritis,count_percent,,,31515.0,50977,61.82199815603115
hrs,withdrawal_0,fried_robust,count_percent,,,6613.0,13116,50.4193351631595
hrs,withdrawal_0,fried_prefrail,count_percent,,,5814.0,13116,44.327538883806035
hrs,withdrawal_0,fried_frail,count_percent,,,689.0,13116,5.253125953034462
hrs,withdrawal_0,frailty_index,mean_sd,0.19639092368092043,0.11220362276265775,,36429,
hrs,withdrawal_1,age_years,mean_sd,72.62401035701838,8.88486565322298,,20083,
hrs,withdrawal_1,female,count_percent,,,11757.0,20083,58.542050490464575
hrs,withdrawal_1,education_rank,mean_sd,0.48878873426498753,0.2507572068625977,,20077,
hrs,withdrawal_1,economic_rank,mean_sd,0.4838457708246597,0.2848902480412627,,20083,
hrs,withdrawal_1,current_smoking,count_percent,,,2201.0,19940,11.038114343029088
hrs,withdrawal_1,baseline_disease_count,mean_sd,2.229895931882687,1.2683779073328503,,20083,
hrs,withdrawal_1,current_drinking,count_percent,,,8085.0,20083,40.257929592192404
hrs,withdrawal_1,current_regular_activity,count_percent,,,7850.0,20083,39.08778568938904
hrs,withdrawal_1,current_paid_work,count_percent,,,3291.0,20083,16.386993975003733
hrs,withdrawal_1,alcohol_withdrawal,count_percent,,,4704.0,20083,23.42279539909376
hrs,withdrawal_1,activity_withdrawal,count_percent,,,10100.0,20083,50.29129114176169
hrs,withdrawal_1,paid_work_withdrawal,count_percent,,,5279.0,20083,26.28591345914455
hrs,withdrawal_1,baseline_diabetes,count_percent,,,5718.0,20083,28.47184185629637
hrs,withdrawal_1,baseline_stroke,count_percent,,,2297.0,20083,11.437534232933327
hrs,withdrawal_1,baseline_heart_disease,count_percent,,,6046.0,20083,30.105063984464472
hrs,withdrawal_1,baseline_hypertension,count_percent,,,13598.0,20083,67.70900761838371
hrs,withdrawal_1,baseline_cancer,count_percent,,,3626.0,20083,18.055071453468106
hrs,withdrawal_1,baseline_arthritis,count_percent,,,13498.0,20083,67.2110740427227
hrs,withdrawal_1,fried_robust,count_percent,,,1719.0,4743,36.24288425047438
hrs,withdrawal_1,fried_prefrail,count_percent,,,2380.0,4743,50.17921146953405
hrs,withdrawal_1,fried_frail,count_percent,,,644.0,4743,13.577904279991566
hrs,withdrawal_1,frailty_index,mean_sd,0.24372051248090112,0.13375917858377911,,13931,
hrs,withdrawal_2_plus,age_years,mean_sd,71.96518289995593,8.675876502718937,,2269,
hrs,withdrawal_2_plus,female,count_percent,,,1250.0,2269,55.09034817100044
hrs,withdrawal_2_plus,education_rank,mean_sd,0.48356852827183816,0.24471505538976684,,2267,
hrs,withdrawal_2_plus,economic_rank,mean_sd,0.4658233630821119,0.2814294013742197,,2269,
hrs,withdrawal_2_plus,current_smoking,count_percent,,,292.0,2248,12.98932384341637
hrs,withdrawal_2_plus,baseline_disease_count,mean_sd,2.3226090788893785,1.2824019423465156,,2269,
hrs,withdrawal_2_plus,current_drinking,count_percent,,,395.0,2269,17.408550022036138
hrs,withdrawal_2_plus,current_regular_activity,count_percent,,,355.0,2269,15.645658880564126
hrs,withdrawal_2_plus,current_paid_work,count_percent,,,187.0,2269,8.241516086381665
hrs,withdrawal_2_plus,alcohol_withdrawal,count_percent,,,1518.0,2269,66.90171881886293
hrs,withdrawal_2_plus,activity_withdrawal,count_percent,,,1827.0,2269,80.52005288673425
hrs,withdrawal_2_plus,paid_work_withdrawal,count_percent,,,1308.0,2269,57.64654032613486
hrs,withdrawal_2_plus,baseline_diabetes,count_percent,,,710.0,2269,31.29131776112825
hrs,withdrawal_2_plus,baseline_stroke,count_percent,,,292.0,2269,12.869105332745702
hrs,withdrawal_2_plus,baseline_heart_disease,count_percent,,,703.0,2269,30.98281181137065
hrs,withdrawal_2_plus,baseline_hypertension,count_percent,,,1571.0,2269,69.23754958131336
hrs,withdrawal_2_plus,baseline_cancer,count_percent,,,452.0,2269,19.920669898633758
hrs,withdrawal_2_plus,baseline_arthritis,count_percent,,,1542.0,2269,67.95945350374615
hrs,withdrawal_2_plus,fried_robust,count_percent,,,148.0,511,28.962818003913895
hrs,withdrawal_2_plus,fried_prefrail,count_percent,,,276.0,511,54.01174168297456
hrs,withdrawal_2_plus,fried_frail,count_percent,,,87.0,511,17.025440313111545
hrs,withdrawal_2_plus,frailty_index,mean_sd,0.2637731338204416,0.13877964993305364,,1556,
klosa,all,age_years,mean_sd,70.55016618782041,7.518919149960828,,17751,
klosa,all,female,count_percent,,,8095.0,17751,45.603064616077965
klosa,all,education_rank,mean_sd,0.5385570733006287,0.24969039649861385,,17751,
klosa,all,economic_rank,mean_sd,0.5704169119124446,0.28326943421295636,,17596,
klosa,all,current_smoking,count_percent,,,2351.0,17751,13.24432426342178
klosa,all,baseline_disease_count,mean_sd,1.12864146052854,1.0473225173769476,,17747,
klosa,all,current_drinking,count_percent,,,7491.0,17751,42.20043941186412
klosa,all,current_regular_activity,count_percent,,,7555.0,17751,42.56098247986029
klosa,all,current_paid_work,count_percent,,,7522.0,17751,42.37507746042476
klosa,all,alcohol_withdrawal,count_percent,,,946.0,17751,5.3292772238183765
klosa,all,activity_withdrawal,count_percent,,,3154.0,17751,17.768013069686216
klosa,all,paid_work_withdrawal,count_percent,,,1936.0,17751,10.90642780688412
klosa,all,baseline_diabetes,count_percent,,,3602.0,17750,20.292957746478873
klosa,all,baseline_stroke,count_percent,,,1073.0,17748,6.045751633986928
klosa,all,baseline_heart_disease,count_percent,,,1710.0,17751,9.633260098022646
klosa,all,baseline_hypertension,count_percent,,,8181.0,17751,46.08754436369782
klosa,all,baseline_cancer,count_percent,,,1163.0,17750,6.552112676056338
klosa,all,baseline_arthritis,count_percent,,,4305.0,17751,24.25215480817982
klosa,withdrawal_0,age_years,mean_sd,70.05674050893519,7.24177098912378,,12143,
klosa,withdrawal_0,female,count_percent,,,5372.0,12143,44.239479535534876
klosa,withdrawal_0,education_rank,mean_sd,0.5453291923992679,0.2505664389286077,,12143,
klosa,withdrawal_0,economic_rank,mean_sd,0.5918143398546905,0.2819857765613675,,12039,
klosa,withdrawal_0,current_smoking,count_percent,,,1776.0,12143,14.625710285761343
klosa,withdrawal_0,baseline_disease_count,mean_sd,1.0509102891506714,1.0150676268800833,,12139,
klosa,withdrawal_0,current_drinking,count_percent,,,5946.0,12143,48.9664827472618
klosa,withdrawal_0,current_regular_activity,count_percent,,,6502.0,12143,53.54525240879519
klosa,withdrawal_0,current_paid_work,count_percent,,,6475.0,12143,53.3229020835049
klosa,withdrawal_0,alcohol_withdrawal,count_percent,,,0.0,12143,0.0
klosa,withdrawal_0,activity_withdrawal,count_percent,,,0.0,12143,0.0
klosa,withdrawal_0,paid_work_withdrawal,count_percent,,,0.0,12143,0.0
klosa,withdrawal_0,baseline_diabetes,count_percent,,,2312.0,12142,19.041344094877285
klosa,withdrawal_0,baseline_stroke,count_percent,,,601.0,12140,4.950576606260297
klosa,withdrawal_0,baseline_heart_disease,count_percent,,,1068.0,12143,8.795190644815943
klosa,withdrawal_0,baseline_hypertension,count_percent,,,5366.0,12143,44.19006835213703
klosa,withdrawal_0,baseline_cancer,count_percent,,,684.0,12142,5.633338823916983
klosa,withdrawal_0,baseline_arthritis,count_percent,,,2730.0,12143,22.48208844601828
klosa,withdrawal_1,age_years,mean_sd,71.64864344814316,8.02397800619739,,5197,
klosa,withdrawal_1,female,count_percent,,,2592.0,5197,49.87492784298634
klosa,withdrawal_1,education_rank,mean_sd,0.5223936708718739,0.24676108918802606,,5197,
klosa,withdrawal_1,economic_rank,mean_sd,0.520659467204864,0.2812139857154506,,5147,
klosa,withdrawal_1,current_smoking,count_percent,,,533.0,5197,10.255916875120262
klosa,withdrawal_1,baseline_disease_count,mean_sd,1.2926688474119685,1.0951508593573027,,5197,
klosa,withdrawal_1,current_drinking,count_percent,,,1488.0,5197,28.63190302097364
klosa,withdrawal_1,current_regular_activity,count_percent,,,1007.0,5197,19.37656340196267
klosa,withdrawal_1,current_paid_work,count_percent,,,1022.0,5197,19.665191456609584
klosa,withdrawal_1,alcohol_withdrawal,count_percent,,,676.0,5197,13.00750432942082
klosa,withdrawal_1,activity_withdrawal,count_percent,,,2867.0,5197,55.16644217817972
klosa,withdrawal_1,paid_work_withdrawal,count_percent,,,1654.0,5197,31.82605349239946
klosa,withdrawal_1,baseline_diabetes,count_percent,,,1192.0,5197,22.936309409274582
klosa,withdrawal_1,baseline_stroke,count_percent,,,417.0,5197,8.023859919184146
klosa,withdrawal_1,baseline_heart_disease,count_percent,,,597.0,5197,11.487396574947084
klosa,withdrawal_1,baseline_hypertension,count_percent,,,2612.0,5197,50.25976524918222
klosa,withdrawal_1,baseline_cancer,count_percent,,,416.0,5197,8.00461804887435
klosa,withdrawal_1,baseline_arthritis,count_percent,,,1484.0,5197,28.554935539734462
klosa,withdrawal_2_plus,age_years,mean_sd,71.23844282238443,7.449444668025037,,411,
klosa,withdrawal_2_plus,female,count_percent,,,131.0,411,31.873479318734795
klosa,withdrawal_2_plus,education_rank,mean_sd,0.542857219790809,0.2518185695724606,,411,
klosa,withdrawal_2_plus,economic_rank,mean_sd,0.5667533336520041,0.2682197174484209,,410,
klosa,withdrawal_2_plus,current_smoking,count_percent,,,42.0,411,10.218978102189782
klosa,withdrawal_2_plus,baseline_disease_count,mean_sd,1.3503649635036497,1.0971664671874863,,411,
klosa,withdrawal_2_plus,current_drinking,count_percent,,,57.0,411,13.86861313868613
klosa,withdrawal_2_plus,current_regular_activity,count_percent,,,46.0,411,11.19221411192214
klosa,withdrawal_2_plus,current_paid_work,count_percent,,,25.0,411,6.082725060827251
klosa,withdrawal_2_plus,alcohol_withdrawal,count_percent,,,270.0,411,65.69343065693431
klosa,withdrawal_2_plus,activity_withdrawal,count_percent,,,287.0,411,69.82968369829683
klosa,withdrawal_2_plus,paid_work_withdrawal,count_percent,,,282.0,411,68.61313868613139
klosa,withdrawal_2_plus,baseline_diabetes,count_percent,,,98.0,411,23.844282238442823
klosa,withdrawal_2_plus,baseline_stroke,count_percent,,,55.0,411,13.38199513381995
klosa,withdrawal_2_plus,baseline_heart_disease,count_percent,,,45.0,411,10.94890510948905
klosa,withdrawal_2_plus,baseline_hypertension,count_percent,,,203.0,411,49.39172749391727
klosa,withdrawal_2_plus,baseline_cancer,count_percent,,,63.0,411,15.328467153284672
klosa,withdrawal_2_plus,baseline_arthritis,count_percent,,,91.0,411,22.14111922141119
mhas,all,age_years,mean_sd,,,,0,
mhas,all,female,count_percent,,,0.0,0,
mhas,all,education_rank,mean_sd,,,,0,
mhas,all,economic_rank,mean_sd,,,,0,
mhas,all,current_smoking,count_percent,,,0.0,0,
mhas,all,baseline_disease_count,mean_sd,,,,0,
mhas,all,current_drinking,count_percent,,,0.0,0,
mhas,all,current_regular_activity,count_percent,,,0.0,0,
mhas,all,current_paid_work,count_percent,,,0.0,0,
mhas,all,alcohol_withdrawal,count_percent,,,0.0,0,
mhas,all,activity_withdrawal,count_percent,,,0.0,0,
mhas,all,paid_work_withdrawal,count_percent,,,0.0,0,
mhas,all,baseline_diabetes,count_percent,,,0.0,0,
mhas,all,baseline_stroke,count_percent,,,0.0,0,
mhas,all,baseline_heart_disease,count_percent,,,0.0,0,
mhas,all,baseline_hypertension,count_percent,,,0.0,0,
mhas,all,baseline_cancer,count_percent,,,0.0,0,
mhas,all,baseline_arthritis,count_percent,,,0.0,0,
mhas,withdrawal_0,age_years,mean_sd,,,,0,
mhas,withdrawal_0,female,count_percent,,,0.0,0,
mhas,withdrawal_0,education_rank,mean_sd,,,,0,
mhas,withdrawal_0,economic_rank,mean_sd,,,,0,
mhas,withdrawal_0,current_smoking,count_percent,,,0.0,0,
mhas,withdrawal_0,baseline_disease_count,mean_sd,,,,0,
mhas,withdrawal_0,current_drinking,count_percent,,,0.0,0,
mhas,withdrawal_0,current_regular_activity,count_percent,,,0.0,0,
mhas,withdrawal_0,current_paid_work,count_percent,,,0.0,0,
mhas,withdrawal_0,alcohol_withdrawal,count_percent,,,0.0,0,
mhas,withdrawal_0,activity_withdrawal,count_percent,,,0.0,0,
mhas,withdrawal_0,paid_work_withdrawal,count_percent,,,0.0,0,
mhas,withdrawal_0,baseline_diabetes,count_percent,,,0.0,0,
mhas,withdrawal_0,baseline_stroke,count_percent,,,0.0,0,
mhas,withdrawal_0,baseline_heart_disease,count_percent,,,0.0,0,
mhas,withdrawal_0,baseline_hypertension,count_percent,,,0.0,0,
mhas,withdrawal_0,baseline_cancer,count_percent,,,0.0,0,
mhas,withdrawal_0,baseline_arthritis,count_percent,,,0.0,0,
mhas,withdrawal_1,age_years,mean_sd,,,,0,
mhas,withdrawal_1,female,count_percent,,,0.0,0,
mhas,withdrawal_1,education_rank,mean_sd,,,,0,
mhas,withdrawal_1,economic_rank,mean_sd,,,,0,
mhas,withdrawal_1,current_smoking,count_percent,,,0.0,0,
mhas,withdrawal_1,baseline_disease_count,mean_sd,,,,0,
mhas,withdrawal_1,current_drinking,count_percent,,,0.0,0,
mhas,withdrawal_1,current_regular_activity,count_percent,,,0.0,0,
mhas,withdrawal_1,current_paid_work,count_percent,,,0.0,0,
mhas,withdrawal_1,alcohol_withdrawal,count_percent,,,0.0,0,
mhas,withdrawal_1,activity_withdrawal,count_percent,,,0.0,0,
mhas,withdrawal_1,paid_work_withdrawal,count_percent,,,0.0,0,
mhas,withdrawal_1,baseline_diabetes,count_percent,,,0.0,0,
mhas,withdrawal_1,baseline_stroke,count_percent,,,0.0,0,
mhas,withdrawal_1,baseline_heart_disease,count_percent,,,0.0,0,
mhas,withdrawal_1,baseline_hypertension,count_percent,,,0.0,0,
mhas,withdrawal_1,baseline_cancer,count_percent,,,0.0,0,
mhas,withdrawal_1,baseline_arthritis,count_percent,,,0.0,0,
mhas,withdrawal_2_plus,age_years,mean_sd,,,,0,
mhas,withdrawal_2_plus,female,count_percent,,,0.0,0,
mhas,withdrawal_2_plus,education_rank,mean_sd,,,,0,
mhas,withdrawal_2_plus,economic_rank,mean_sd,,,,0,
mhas,withdrawal_2_plus,current_smoking,count_percent,,,0.0,0,
mhas,withdrawal_2_plus,baseline_disease_count,mean_sd,,,,0,
mhas,withdrawal_2_plus,current_drinking,count_percent,,,0.0,0,
mhas,withdrawal_2_plus,current_regular_activity,count_percent,,,0.0,0,
mhas,withdrawal_2_plus,current_paid_work,count_percent,,,0.0,0,
mhas,withdrawal_2_plus,alcohol_withdrawal,count_percent,,,0.0,0,
mhas,withdrawal_2_plus,activity_withdrawal,count_percent,,,0.0,0,
mhas,withdrawal_2_plus,paid_work_withdrawal,count_percent,,,0.0,0,
mhas,withdrawal_2_plus,baseline_diabetes,count_percent,,,0.0,0,
mhas,withdrawal_2_plus,baseline_stroke,count_percent,,,0.0,0,
mhas,withdrawal_2_plus,baseline_heart_disease,count_percent,,,0.0,0,
mhas,withdrawal_2_plus,baseline_hypertension,count_percent,,,0.0,0,
mhas,withdrawal_2_plus,baseline_cancer,count_percent,,,0.0,0,
mhas,withdrawal_2_plus,baseline_arthritis,count_percent,,,0.0,0,
share,all,age_years,mean_sd,71.00021726072565,7.680292978892786,,78247,
share,all,female,count_percent,,,42244.0,78247,53.98801231996115
share,all,education_rank,mean_sd,0.5138751112374188,0.26903059414414143,,78247,
share,all,economic_rank,mean_sd,0.5271209827498192,0.2798345662080723,,78247,
share,all,current_smoking,count_percent,,,6752.0,46141,14.633406298086301
share,all,baseline_disease_count,mean_sd,1.547730789396284,1.1723167844019777,,78199,
share,all,current_drinking,count_percent,,,42456.0,78247,54.25894922489041
share,all,current_regular_activity,count_percent,,,67122.0,78247,85.7822025125564
share,all,current_paid_work,count_percent,,,15922.0,78247,20.348383963602437
share,all,alcohol_withdrawal,count_percent,,,8119.0,78247,10.376116656229632
share,all,activity_withdrawal,count_percent,,,9015.0,78247,11.521208480836327
share,all,paid_work_withdrawal,count_percent,,,5859.0,78247,7.487827009342211
share,all,baseline_diabetes,count_percent,,,13159.0,78204,16.826505038105466
share,all,baseline_stroke,count_percent,,,5786.0,78201,7.398882367233155
share,all,baseline_heart_disease,count_percent,,,16878.0,78208,21.580912438625205
share,all,baseline_hypertension,count_percent,,,43244.0,78210,55.29216212760517
share,all,baseline_cancer,count_percent,,,9107.0,78203,11.645333299234045
share,all,baseline_arthritis,count_percent,,,32897.0,78208,42.06347176759411
share,all,fried_robust,count_percent,,,34897.0,73506,47.47503605147879
share,all,fried_prefrail,count_percent,,,31993.0,73506,43.524338149266725
share,all,fried_frail,count_percent,,,6616.0,73506,9.000625799254482
share,all,frailty_index,mean_sd,0.16215061372569745,0.11055300929291623,,76606,
share,withdrawal_0,age_years,mean_sd,70.7066815106024,7.42378040207477,,57487,
share,withdrawal_0,female,count_percent,,,31218.0,57487,54.304451441195404
share,withdrawal_0,education_rank,mean_sd,0.526517052420107,0.2688179819703739,,57487,
share,withdrawal_0,economic_rank,mean_sd,0.5396990168247614,0.2787724957997343,,57487,
share,withdrawal_0,current_smoking,count_percent,,,4770.0,33017,14.44710300754157
share,withdrawal_0,baseline_disease_count,mean_sd,1.4849903416111236,1.1443362638822054,,57463,
share,withdrawal_0,current_drinking,count_percent,,,36084.0,57487,62.76897385495851
share,withdrawal_0,current_regular_activity,count_percent,,,56201.0,57487,97.76297249813001
share,withdrawal_0,current_paid_work,count_percent,,,14027.0,57487,24.400299198079566
share,withdrawal_0,alcohol_withdrawal,count_percent,,,0.0,57487,0.0
share,withdrawal_0,activity_withdrawal,count_percent,,,0.0,57487,0.0
share,withdrawal_0,paid_work_withdrawal,count_percent,,,0.0,57487,0.0
share,withdrawal_0,baseline_diabetes,count_percent,,,8964.0,57464,15.5993317555339
share,withdrawal_0,baseline_stroke,count_percent,,,3814.0,57464,6.637198941946262
share,withdrawal_0,baseline_heart_disease,count_percent,,,11612.0,57467,20.20637931334505
share,withdrawal_0,baseline_hypertension,count_percent,,,31003.0,57465,53.95110066997303
share,withdrawal_0,baseline_cancer,count_percent,,,6530.0,57465,11.363438614809015
share,withdrawal_0,baseline_arthritis,count_percent,,,23422.0,57466,40.75801343403056
share,withdrawal_0,fried_robust,count_percent,,,29142.0,54786,53.19242142153105
share,withdrawal_0,fried_prefrail,count_percent,,,23298.0,54786,42.52546270945132
share,withdrawal_0,fried_frail,count_percent,,,2346.0,54786,4.282115869017632
share,withdrawal_0,frailty_index,mean_sd,0.15009481912368444,0.09658892549112116,,56709,
share,withdrawal_1,age_years,mean_sd,71.84287480513896,8.262095072066376,,18603,
share,withdrawal_1,female,count_percent,,,10039.0,18603,53.96441434177283
share,withdrawal_1,education_rank,mean_sd,0.48049247764146463,0.26690927929397285,,18603,
share,withdrawal_1,economic_rank,mean_sd,0.49353653593559665,0.2799679309821344,,18603,
share,withdrawal_1,current_smoking,count_percent,,,1751.0,11750,14.902127659574468
share,withdrawal_1,baseline_disease_count,mean_sd,1.7143625894634882,1.2359605858787195,,18583,
share,withdrawal_1,current_drinking,count_percent,,,6182.0,18603,33.23119926893512
share,withdrawal_1,current_regular_activity,count_percent,,,10436.0,18603,56.098478739988174
share,withdrawal_1,current_paid_work,count_percent,,,1781.0,18603,9.57372466806429
share,withdrawal_1,alcohol_withdrawal,count_percent,,,6336.0,18603,34.05902273826802
share,withdrawal_1,activity_withdrawal,count_percent,,,7365.0,18603,39.59038864699242
share,withdrawal_1,paid_work_withdrawal,count_percent,,,4902.0,18603,26.350588614739557
share,withdrawal_1,baseline_diabetes,count_percent,,,3753.0,18587,20.191531715715286
share,withdrawal_1,baseline_stroke,count_percent,,,1753.0,18584,9.432845458458889
share,withdrawal_1,baseline_heart_disease,count_percent,,,4700.0,18587,25.286490557916824
share,withdrawal_1,baseline_hypertension,count_percent,,,10923.0,18591,58.754235920606746
share,withdrawal_1,baseline_cancer,count_percent,,,2269.0,18585,12.20877051385526
share,withdrawal_1,baseline_arthritis,count_percent,,,8484.0,18588,45.64234990316333
share,withdrawal_1,fried_robust,count_percent,,,5484.0,16864,32.51897533206831
share,withdrawal_1,fried_prefrail,count_percent,,,7746.0,16864,45.932163187855785
share,withdrawal_1,fried_frail,count_percent,,,3634.0,16864,21.548861480075903
share,withdrawal_1,frailty_index,mean_sd,0.19440290737749868,0.13637532971681848,,17892,
share,withdrawal_2_plus,age_years,mean_sd,71.55586462679648,8.578149916449744,,2157,
share,withdrawal_2_plus,female,count_percent,,,987.0,2157,45.75799721835883
share,withdrawal_2_plus,education_rank,mean_sd,0.4648578928861614,0.2627204845880036,,2157,
share,withdrawal_2_plus,economic_rank,mean_sd,0.4815475099722464,0.2784352276948578,,2157,
share,withdrawal_2_plus,current_smoking,count_percent,,,231.0,1374,16.812227074235807
share,withdrawal_2_plus,baseline_disease_count,mean_sd,1.7840222944728286,1.1756850346151249,,2153,
share,withdrawal_2_plus,current_drinking,count_percent,,,190.0,2157,8.808530366249421
share,withdrawal_2_plus,current_regular_activity,count_percent,,,485.0,2157,22.4849327770051
share,withdrawal_2_plus,current_paid_work,count_percent,,,114.0,2157,5.285118219749652
share,withdrawal_2_plus,alcohol_withdrawal,count_percent,,,1783.0,2157,82.66110338433009
share,withdrawal_2_plus,activity_withdrawal,count_percent,,,1650.0,2157,76.4951321279555
share,withdrawal_2_plus,paid_work_withdrawal,count_percent,,,957.0,2157,44.36717663421419
share,withdrawal_2_plus,baseline_diabetes,count_percent,,,442.0,2153,20.529493729679515
share,withdrawal_2_plus,baseline_stroke,count_percent,,,219.0,2153,10.171853228053878
share,withdrawal_2_plus,baseline_heart_disease,count_percent,,,566.0,2154,26.27669452181987
share,withdrawal_2_plus,baseline_hypertension,count_percent,,,1318.0,2154,61.18848653667595
share,withdrawal_2_plus,baseline_cancer,count_percent,,,308.0,2153,14.305620065025545
share,withdrawal_2_plus,baseline_arthritis,count_percent,,,991.0,2154,46.00742804085422
share,withdrawal_2_plus,fried_robust,count_percent,,,271.0,1856,14.601293103448276
share,withdrawal_2_plus,fried_prefrail,count_percent,,,949.0,1856,51.13146551724138
share,withdrawal_2_plus,fried_frail,count_percent,,,636.0,1856,34.26724137931034
share,withdrawal_2_plus,frailty_index,mean_sd,0.21532468757483908,0.1446783361900542,,2005,
