cohort,outcome_id,analysis_family,model_id,outcome_coding_status,n,people,events,nonevents,parameters,matrix_rank,model_status,warnings,term,loss_1_n,loss_1_events,loss_1_nonevents,loss_2plus_n,loss_2plus_events,loss_2plus_nonevents,estimate_scale,estimate,standard_error,ci_low,ci_high,p_value,prefrail_n,prefrail_events,prefrail_nonevents,frail_n,frail_events,frail_nonevents,any_withdrawal_n,any_withdrawal_events,any_withdrawal_nonevents,withdrawal_only_n,withdrawal_only_events,withdrawal_only_nonevents,frailty_only_n,frailty_only_events,frailty_only_nonevents,both_n,both_events,both_nonevents
share,incident_diabetes,frailty_head_to_head,M0_routine,PASS_BASELINE_FREE_RISK_SET,28199,19990,827,27372,17,17,PASS,,__model__,,,,,,,,,,,,,,,,,,,,,,,,,,,,,,
share,incident_diabetes,frailty_head_to_head,M1_withdrawal,PASS_BASELINE_FREE_RISK_SET,28199,19990,827,27372,19,19,PASS,,loss_1,6602.0,228.0,6374.0,710.0,32.0,678.0,risk_ratio,1.0261091711049128,0.13437467155565605,0.7885216852855464,1.3352835447313358,0.8478925536734977,,,,,,,,,,,,,,,,,,
share,incident_diabetes,frailty_head_to_head,M1_withdrawal,PASS_BASELINE_FREE_RISK_SET,28199,19990,827,27372,19,19,PASS,,loss_2plus,6602.0,228.0,6374.0,710.0,32.0,678.0,risk_ratio,1.1731512574557215,0.2825262196035074,0.6743218872742821,2.040989472302466,0.5719144080102538,,,,,,,,,,,,,,,,,,
share,incident_diabetes,frailty_head_to_head,M2_fried,PASS_BASELINE_FREE_RISK_SET,28199,19990,827,27372,19,19,PASS,,prefrail,,,,,,,risk_ratio,1.101973956595957,0.08197317040163982,0.9384165136914012,1.2940379706650034,0.23618692940134378,11912.0,366.0,11546.0,2033.0,129.0,1904.0,,,,,,,,,,,,
share,incident_diabetes,frailty_head_to_head,M2_fried,PASS_BASELINE_FREE_RISK_SET,28199,19990,827,27372,19,19,PASS,,frail,,,,,,,risk_ratio,1.6559909429879864,0.14400416940443797,1.2487669208032994,2.196011087076351,0.0004606137087492342,11912.0,366.0,11546.0,2033.0,129.0,1904.0,,,,,,,,,,,,
share,incident_diabetes,frailty_head_to_head,M3_fried_withdrawal,PASS_BASELINE_FREE_RISK_SET,28199,19990,827,27372,21,21,PASS,,prefrail,6602.0,228.0,6374.0,710.0,32.0,678.0,risk_ratio,1.1011269713146277,0.08199016044050467,0.93766401525833,1.2930864224564296,0.24001552183273733,11912.0,366.0,11546.0,2033.0,129.0,1904.0,,,,,,,,,,,,
share,incident_diabetes,frailty_head_to_head,M3_fried_withdrawal,PASS_BASELINE_FREE_RISK_SET,28199,19990,827,27372,21,21,PASS,,frail,6602.0,228.0,6374.0,710.0,32.0,678.0,risk_ratio,1.6561439711542771,0.1438208428281865,1.2493311387680714,2.1954250303048286,0.00045186119934954237,11912.0,366.0,11546.0,2033.0,129.0,1904.0,,,,,,,,,,,,
share,incident_diabetes,frailty_head_to_head,M3_fried_withdrawal,PASS_BASELINE_FREE_RISK_SET,28199,19990,827,27372,21,21,PASS,,loss_1,6602.0,228.0,6374.0,710.0,32.0,678.0,risk_ratio,1.0281988898334435,0.1337836472231408,0.7910433494566161,1.3364538843300222,0.8353362278456028,11912.0,366.0,11546.0,2033.0,129.0,1904.0,,,,,,,,,,,,
share,incident_diabetes,frailty_head_to_head,M3_fried_withdrawal,PASS_BASELINE_FREE_RISK_SET,28199,19990,827,27372,21,21,PASS,,loss_2plus,6602.0,228.0,6374.0,710.0,32.0,678.0,risk_ratio,1.1825141247967559,0.2813730579807564,0.6812415929601826,2.052633999148035,0.5513071382916301,11912.0,366.0,11546.0,2033.0,129.0,1904.0,,,,,,,,,,,,
share,incident_diabetes,frailty_head_to_head,M1b_any_withdrawal,PASS_BASELINE_FREE_RISK_SET,28199,19990,827,27372,18,18,PASS,,any_withdrawal,,,,,,,risk_ratio,1.0041543693487827,0.13029981624688872,0.7778378595635663,1.2963190015564536,0.9746179005408613,,,,,,,7312.0,260.0,7052.0,,,,,,,,,
share,incident_diabetes,frailty_head_to_head,M3b_fried_any_withdrawal,PASS_BASELINE_FREE_RISK_SET,28199,19990,827,27372,20,20,PASS,,prefrail,,,,,,,risk_ratio,1.1019834297070947,0.08197651613976624,0.9384184270585392,1.2940575806417518,0.23616457242371347,11912.0,366.0,11546.0,2033.0,129.0,1904.0,7312.0,260.0,7052.0,,,,,,,,,
share,incident_diabetes,frailty_head_to_head,M3b_fried_any_withdrawal,PASS_BASELINE_FREE_RISK_SET,28199,19990,827,27372,20,20,PASS,,frail,,,,,,,risk_ratio,1.6560070908588664,0.14400825349331736,1.2487691017372125,2.196050079362022,0.00046066839267801783,11912.0,366.0,11546.0,2033.0,129.0,1904.0,7312.0,260.0,7052.0,,,,,,,,,
share,incident_diabetes,frailty_head_to_head,M3b_fried_any_withdrawal,PASS_BASELINE_FREE_RISK_SET,28199,19990,827,27372,20,20,PASS,,any_withdrawal,,,,,,,risk_ratio,1.005434098042399,0.12989220655165715,0.7794516182279035,1.2969345394453415,0.9667201687064929,11912.0,366.0,11546.0,2033.0,129.0,1904.0,7312.0,260.0,7052.0,,,,,,,,,
share,incident_diabetes,frailty_head_to_head,M4_fried4_withdrawal,PASS_BASELINE_FREE_RISK_SET,28202,19991,827,27375,20,20,PASS,,fried4,6603.0,228.0,6375.0,710.0,32.0,678.0,risk_ratio,1.1626170103194138,0.04271974381888432,1.0692359715466007,1.2641534223066881,0.0004202606838001909,,,,,,,,,,,,,,,,,,
share,incident_diabetes,frailty_head_to_head,M4_fried4_withdrawal,PASS_BASELINE_FREE_RISK_SET,28202,19991,827,27375,20,20,PASS,,loss_1,6603.0,228.0,6375.0,710.0,32.0,678.0,risk_ratio,1.0273191289771357,0.13376009056447152,0.7904029989207003,1.3352487202142127,0.840307843061546,,,,,,,,,,,,,,,,,,
share,incident_diabetes,frailty_head_to_head,M4_fried4_withdrawal,PASS_BASELINE_FREE_RISK_SET,28202,19991,827,27375,20,20,PASS,,loss_2plus,6603.0,228.0,6375.0,710.0,32.0,678.0,risk_ratio,1.1796884041966205,0.28182785966116863,0.6790081725025947,2.0495552002956945,0.5576389691352939,,,,,,,,,,,,,,,,,,
share,incident_diabetes,frailty_head_to_head,M5_fi_withdrawal,PASS_BASELINE_FREE_RISK_SET,29316,20629,891,28425,20,20,PASS,,fi_per_0_1,6966.0,248.0,6718.0,757.0,36.0,721.0,risk_ratio,1.170245750348585,0.03593107775241551,1.0906677806674725,1.2556299365245982,1.2119558434127974e-05,,,,,,,,,,,,,,,,,,
share,incident_diabetes,frailty_head_to_head,M5_fi_withdrawal,PASS_BASELINE_FREE_RISK_SET,29316,20629,891,28425,20,20,PASS,,loss_1,6966.0,248.0,6718.0,757.0,36.0,721.0,risk_ratio,0.9884329298697283,0.12939575676571816,0.7670176147548573,1.2737643022228495,0.9283555619077152,,,,,,,,,,,,,,,,,,
share,incident_diabetes,frailty_head_to_head,M5_fi_withdrawal,PASS_BASELINE_FREE_RISK_SET,29316,20629,891,28425,20,20,PASS,,loss_2plus,6966.0,248.0,6718.0,757.0,36.0,721.0,risk_ratio,1.1629440695168998,0.26897592178596524,0.6864455731330098,1.9702055949634205,0.5746472814945612,,,,,,,,,,,,,,,,,,
share,incident_diabetes,frailty_head_to_head,nonfrail_withdrawal,PASS_BASELINE_FREE_RISK_SET,26166,18640,698,25468,19,19,NOT_EVALUABLE_LOSS_2PLUS_EVENTS,,,5483.0,151.0,5332.0,498.0,17.0,481.0,,,,,,,,,,,,,,,,,,,,,,,,
share,incident_diabetes,frailty_head_to_head,nonfrail_any_withdrawal,PASS_BASELINE_FREE_RISK_SET,26166,18640,698,25468,18,18,PASS,,any_withdrawal,,,,,,,risk_ratio,0.9739977511836607,0.14217644244335906,0.7371182213071895,1.2870006355676225,0.8529882800769573,,,,,,,5981.0,168.0,5813.0,,,,,,,,,
share,incident_diabetes,frailty_head_to_head,four_state,PASS_BASELINE_FREE_RISK_SET,28199,19990,827,27372,20,20,PASS,,withdrawal_only,,,,,,,risk_ratio,0.9999159277117468,0.1329534489209929,0.7705366588688073,1.297578578492884,0.9994954414736595,,,,,,,,,,5981.0,168.0,5813.0,702.0,37.0,665.0,1331.0,92.0,1239.0
share,incident_diabetes,frailty_head_to_head,four_state,PASS_BASELINE_FREE_RISK_SET,28199,19990,827,27372,20,20,PASS,,frailty_only,,,,,,,risk_ratio,1.4866495815360825,0.17491089326457165,1.0551742653937348,2.094561107834361,0.02338953070328849,,,,,,,,,,5981.0,168.0,5813.0,702.0,37.0,665.0,1331.0,92.0,1239.0
share,incident_diabetes,frailty_head_to_head,four_state,PASS_BASELINE_FREE_RISK_SET,28199,19990,827,27372,20,20,PASS,,both,,,,,,,risk_ratio,1.5466404458604333,0.19391319328422232,1.0576212148643185,2.2617706936582582,0.024520912140124532,,,,,,,,,,5981.0,168.0,5813.0,702.0,37.0,665.0,1331.0,92.0,1239.0
share,incident_stroke,frailty_head_to_head,M0_routine,PASS_BASELINE_FREE_RISK_SET,31291,22245,667,30624,17,17,PASS,,__model__,,,,,,,,,,,,,,,,,,,,,,,,,,,,,,
share,incident_stroke,frailty_head_to_head,M1_withdrawal,PASS_BASELINE_FREE_RISK_SET,31291,22245,667,30624,19,19,PASS,,loss_1,7426.0,190.0,7236.0,792.0,25.0,767.0,risk_ratio,1.0964468166743302,0.15234483713454217,0.8134135646880868,1.4779635771826212,0.5455883583676774,,,,,,,,,,,,,,,,,,
share,incident_stroke,frailty_head_to_head,M1_withdrawal,PASS_BASELINE_FREE_RISK_SET,31291,22245,667,30624,19,19,PASS,,loss_2plus,7426.0,190.0,7236.0,792.0,25.0,767.0,risk_ratio,1.216955970796866,0.31771624913256374,0.6528814122429101,2.2683780041621566,0.5365670543312104,,,,,,,,,,,,,,,,,,
share,incident_stroke,frailty_head_to_head,M2_fried,PASS_BASELINE_FREE_RISK_SET,31291,22245,667,30624,19,19,PASS,,prefrail,,,,,,,risk_ratio,1.4157654934750057,0.09056573155430285,1.185500202720986,1.690756296720998,0.0001236001822768124,13420.0,333.0,13087.0,2354.0,109.0,2245.0,,,,,,,,,,,,
share,incident_stroke,frailty_head_to_head,M2_fried,PASS_BASELINE_FREE_RISK_SET,31291,22245,667,30624,19,19,PASS,,frail,,,,,,,risk_ratio,2.087484125041347,0.15059214971683904,1.5539566924858133,2.804190099615289,1.0232978400732817e-06,13420.0,333.0,13087.0,2354.0,109.0,2245.0,,,,,,,,,,,,
share,incident_stroke,frailty_head_to_head,M3_fried_withdrawal,PASS_BASELINE_FREE_RISK_SET,31291,22245,667,30624,21,21,PASS,,prefrail,7426.0,190.0,7236.0,792.0,25.0,767.0,risk_ratio,1.4153571024523253,0.09051083059093773,1.1852857684340996,1.6900867122607481,0.0001240332251265015,13420.0,333.0,13087.0,2354.0,109.0,2245.0,,,,,,,,,,,,
share,incident_stroke,frailty_head_to_head,M3_fried_withdrawal,PASS_BASELINE_FREE_RISK_SET,31291,22245,667,30624,21,21,PASS,,frail,7426.0,190.0,7236.0,792.0,25.0,767.0,risk_ratio,2.0880101557827073,0.15046283327069745,1.5547422863833682,2.8041859083883507,9.932083872025092e-07,13420.0,333.0,13087.0,2354.0,109.0,2245.0,,,,,,,,,,,,
share,incident_stroke,frailty_head_to_head,M3_fried_withdrawal,PASS_BASELINE_FREE_RISK_SET,31291,22245,667,30624,21,21,PASS,,loss_1,7426.0,190.0,7236.0,792.0,25.0,767.0,risk_ratio,1.0990316277095566,0.15160223598575942,0.8165186961834816,1.4792931556272586,0.5333657535123772,13420.0,333.0,13087.0,2354.0,109.0,2245.0,,,,,,,,,,,,
share,incident_stroke,frailty_head_to_head,M3_fried_withdrawal,PASS_BASELINE_FREE_RISK_SET,31291,22245,667,30624,21,21,PASS,,loss_2plus,7426.0,190.0,7236.0,792.0,25.0,767.0,risk_ratio,1.217337808091053,0.31685817021492385,0.654185550174336,2.2652767836480194,0.5348126401785734,13420.0,333.0,13087.0,2354.0,109.0,2245.0,,,,,,,,,,,,
share,incident_stroke,frailty_head_to_head,M1b_any_withdrawal,PASS_BASELINE_FREE_RISK_SET,31291,22245,667,30624,18,18,PASS,,any_withdrawal,,,,,,,risk_ratio,1.0755557783471155,0.14779611730213962,0.8050607521725165,1.436935323469817,0.6221366768434335,,,,,,,8218.0,215.0,8003.0,,,,,,,,,
share,incident_stroke,frailty_head_to_head,M3b_fried_any_withdrawal,PASS_BASELINE_FREE_RISK_SET,31291,22245,667,30624,20,20,PASS,,prefrail,,,,,,,risk_ratio,1.416175016707787,0.09054199085639698,1.1858982992403104,1.691166670221268,0.00012150272559341149,13420.0,333.0,13087.0,2354.0,109.0,2245.0,8218.0,215.0,8003.0,,,,,,,,,
share,incident_stroke,frailty_head_to_head,M3b_fried_any_withdrawal,PASS_BASELINE_FREE_RISK_SET,31291,22245,667,30624,20,20,PASS,,frail,,,,,,,risk_ratio,2.087542189930286,0.15053812181307583,1.5541644829520256,2.8039711642757017,1.013272342172373e-06,13420.0,333.0,13087.0,2354.0,109.0,2245.0,8218.0,215.0,8003.0,,,,,,,,,
share,incident_stroke,frailty_head_to_head,M3b_fried_any_withdrawal,PASS_BASELINE_FREE_RISK_SET,31291,22245,667,30624,20,20,PASS,,any_withdrawal,,,,,,,risk_ratio,1.0785665451724407,0.14703273684748272,0.8085231377708185,1.438803341574823,0.6069759404788679,13420.0,333.0,13087.0,2354.0,109.0,2245.0,8218.0,215.0,8003.0,,,,,,,,,
share,incident_stroke,frailty_head_to_head,M4_fried4_withdrawal,PASS_BASELINE_FREE_RISK_SET,31293,22245,668,30625,20,20,PASS,,fried4,7427.0,190.0,7237.0,792.0,25.0,767.0,risk_ratio,1.3124479966566218,0.045150865426734535,1.2012948575476223,1.4338858883025685,1.7237911345227276e-09,,,,,,,,,,,,,,,,,,
share,incident_stroke,frailty_head_to_head,M4_fried4_withdrawal,PASS_BASELINE_FREE_RISK_SET,31293,22245,668,30625,20,20,PASS,,loss_1,7427.0,190.0,7237.0,792.0,25.0,767.0,risk_ratio,1.0970014483516883,0.15128319857122213,0.8155201739513629,1.4756375331034703,0.5405588197903868,,,,,,,,,,,,,,,,,,
share,incident_stroke,frailty_head_to_head,M4_fried4_withdrawal,PASS_BASELINE_FREE_RISK_SET,31293,22245,668,30625,20,20,PASS,,loss_2plus,7427.0,190.0,7237.0,792.0,25.0,767.0,risk_ratio,1.2254222977156508,0.3161017370665221,0.6595071253707465,2.2769425074741036,0.5201582080961558,,,,,,,,,,,,,,,,,,
share,incident_stroke,frailty_head_to_head,M5_fi_withdrawal,PASS_BASELINE_FREE_RISK_SET,32541,22964,712,31829,20,20,PASS,,fi_per_0_1,7853.0,208.0,7645.0,842.0,26.0,816.0,risk_ratio,1.3459631054819525,0.03621448262648062,1.2537395668340365,1.4449704940662802,2.3218677706436717e-16,,,,,,,,,,,,,,,,,,
share,incident_stroke,frailty_head_to_head,M5_fi_withdrawal,PASS_BASELINE_FREE_RISK_SET,32541,22964,712,31829,20,20,PASS,,loss_1,7853.0,208.0,7645.0,842.0,26.0,816.0,risk_ratio,1.0582874003438723,0.14680841459085622,0.793670204382352,1.4111304866209176,0.6995779231679307,,,,,,,,,,,,,,,,,,
share,incident_stroke,frailty_head_to_head,M5_fi_withdrawal,PASS_BASELINE_FREE_RISK_SET,32541,22964,712,31829,20,20,PASS,,loss_2plus,7853.0,208.0,7645.0,842.0,26.0,816.0,risk_ratio,1.1263297028288661,0.3066794721838083,0.6174751683332713,2.0545256951771824,0.6980820060084161,,,,,,,,,,,,,,,,,,
share,incident_stroke,frailty_head_to_head,nonfrail_withdrawal,PASS_BASELINE_FREE_RISK_SET,28937,20665,558,28379,19,19,NOT_EVALUABLE_LOSS_2PLUS_EVENTS,,,6110.0,127.0,5983.0,564.0,12.0,552.0,,,,,,,,,,,,,,,,,,,,,,,,
share,incident_stroke,frailty_head_to_head,nonfrail_any_withdrawal,PASS_BASELINE_FREE_RISK_SET,28937,20665,558,28379,18,18,PASS,,any_withdrawal,,,,,,,risk_ratio,1.1090666121221777,0.16176398550367577,0.8077256550182145,1.5228298649204441,0.5222135098003633,,,,,,,6674.0,139.0,6535.0,,,,,,,,,
share,incident_stroke,frailty_head_to_head,four_state,PASS_BASELINE_FREE_RISK_SET,31291,22245,667,30624,20,20,PASS,,withdrawal_only,,,,,,,risk_ratio,1.0589921346348874,0.15200872342455443,0.7861450325280072,1.4265361921988644,0.7061230023290879,,,,,,,,,,6674.0,139.0,6535.0,810.0,33.0,777.0,1544.0,76.0,1468.0
share,incident_stroke,frailty_head_to_head,four_state,PASS_BASELINE_FREE_RISK_SET,31291,22245,667,30624,20,20,PASS,,frailty_only,,,,,,,risk_ratio,1.4571861931865002,0.18301332360483497,1.0179672923177905,2.0859133860564953,0.03966052881650198,,,,,,,,,,6674.0,139.0,6535.0,810.0,33.0,777.0,1544.0,76.0,1468.0
share,incident_stroke,frailty_head_to_head,four_state,PASS_BASELINE_FREE_RISK_SET,31291,22245,667,30624,20,20,PASS,,both,,,,,,,risk_ratio,1.72680617370726,0.21049279551106087,1.1430672982816583,2.6086474226286196,0.009453241908920641,,,,,,,,,,6674.0,139.0,6535.0,810.0,33.0,777.0,1544.0,76.0,1468.0
share,incident_heart_disease,frailty_head_to_head,M0_routine,PASS_BASELINE_FREE_RISK_SET,26644,18995,1340,25304,17,17,PASS,,__model__,,,,,,,,,,,,,,,,,,,,,,,,,,,,,,
share,incident_heart_disease,frailty_head_to_head,M1_withdrawal,PASS_BASELINE_FREE_RISK_SET,26644,18995,1340,25304,19,19,PASS,,loss_1,6223.0,348.0,5875.0,651.0,39.0,612.0,risk_ratio,0.9566953398298438,0.10822771840295309,0.7738380093076392,1.1827617178833565,0.6825047368143459,,,,,,,,,,,,,,,,,,
share,incident_heart_disease,frailty_head_to_head,M1_withdrawal,PASS_BASELINE_FREE_RISK_SET,26644,18995,1340,25304,19,19,PASS,,loss_2plus,6223.0,348.0,5875.0,651.0,39.0,612.0,risk_ratio,0.911313091756686,0.2318851216307656,0.5784777188311646,1.4356500244904304,0.6887921884666282,,,,,,,,,,,,,,,,,,
share,incident_heart_disease,frailty_head_to_head,M2_fried,PASS_BASELINE_FREE_RISK_SET,26644,18995,1340,25304,19,19,PASS,,prefrail,,,,,,,risk_ratio,1.365091323564885,0.061348600375088276,1.2104355855331124,1.5395072186773153,3.9159651292982125e-07,11161.0,646.0,10515.0,1661.0,195.0,1466.0,,,,,,,,,,,,
share,incident_heart_disease,frailty_head_to_head,M2_fried,PASS_BASELINE_FREE_RISK_SET,26644,18995,1340,25304,19,19,PASS,,frail,,,,,,,risk_ratio,2.2401179966021814,0.10756398745521574,1.8143132112262228,2.7658557561345294,6.473569176629057e-14,11161.0,646.0,10515.0,1661.0,195.0,1466.0,,,,,,,,,,,,
share,incident_heart_disease,frailty_head_to_head,M3_fried_withdrawal,PASS_BASELINE_FREE_RISK_SET,26644,18995,1340,25304,21,21,PASS,,prefrail,6223.0,348.0,5875.0,651.0,39.0,612.0,risk_ratio,1.365294420893945,0.06135875434651905,1.2105915805608303,1.5397669087212589,3.883464737086792e-07,11161.0,646.0,10515.0,1661.0,195.0,1466.0,,,,,,,,,,,,
share,incident_heart_disease,frailty_head_to_head,M3_fried_withdrawal,PASS_BASELINE_FREE_RISK_SET,26644,18995,1340,25304,21,21,PASS,,frail,6223.0,348.0,5875.0,651.0,39.0,612.0,risk_ratio,2.239474635362978,0.1075988753844253,1.8136681197916926,2.7652504819956625,6.730294311489355e-14,11161.0,646.0,10515.0,1661.0,195.0,1466.0,,,,,,,,,,,,
share,incident_heart_disease,frailty_head_to_head,M3_fried_withdrawal,PASS_BASELINE_FREE_RISK_SET,26644,18995,1340,25304,21,21,PASS,,loss_1,6223.0,348.0,5875.0,651.0,39.0,612.0,risk_ratio,0.9632824201681693,0.10780216127457058,0.7798162277311815,1.1899124280918605,0.7285823357368553,11161.0,646.0,10515.0,1661.0,195.0,1466.0,,,,,,,,,,,,
share,incident_heart_disease,frailty_head_to_head,M3_fried_withdrawal,PASS_BASELINE_FREE_RISK_SET,26644,18995,1340,25304,21,21,PASS,,loss_2plus,6223.0,348.0,5875.0,651.0,39.0,612.0,risk_ratio,0.9164065627794235,0.23102616950323468,0.5826910650464369,1.4412456937850429,0.7055358252740297,11161.0,646.0,10515.0,1661.0,195.0,1466.0,,,,,,,,,,,,
share,incident_heart_disease,frailty_head_to_head,M1b_any_withdrawal,PASS_BASELINE_FREE_RISK_SET,26644,18995,1340,25304,18,18,PASS,,any_withdrawal,,,,,,,risk_ratio,0.9631999982139746,0.10491267732352463,0.7841779750848188,1.1830914231671097,0.7208036823601847,,,,,,,6874.0,387.0,6487.0,,,,,,,,,
share,incident_heart_disease,frailty_head_to_head,M3b_fried_any_withdrawal,PASS_BASELINE_FREE_RISK_SET,26644,18995,1340,25304,20,20,PASS,,prefrail,,,,,,,risk_ratio,1.3650062598165957,0.06135138293743931,1.2103535579900762,1.5394196819916057,3.941693334607128e-07,11161.0,646.0,10515.0,1661.0,195.0,1466.0,6874.0,387.0,6487.0,,,,,,,,,
share,incident_heart_disease,frailty_head_to_head,M3b_fried_any_withdrawal,PASS_BASELINE_FREE_RISK_SET,26644,18995,1340,25304,20,20,PASS,,frail,,,,,,,risk_ratio,2.2394559216390317,0.10756047021481589,1.8137894880181296,2.7650192362973915,6.598321301088554e-14,11161.0,646.0,10515.0,1661.0,195.0,1466.0,6874.0,387.0,6487.0,,,,,,,,,
share,incident_heart_disease,frailty_head_to_head,M3b_fried_any_withdrawal,PASS_BASELINE_FREE_RISK_SET,26644,18995,1340,25304,20,20,PASS,,any_withdrawal,,,,,,,risk_ratio,0.9699668012526036,0.10453406007461954,0.7902733138246228,1.1905192533693445,0.770509804337837,11161.0,646.0,10515.0,1661.0,195.0,1466.0,6874.0,387.0,6487.0,,,,,,,,,
share,incident_heart_disease,frailty_head_to_head,M4_fried4_withdrawal,PASS_BASELINE_FREE_RISK_SET,26645,18995,1340,25305,20,20,PASS,,fried4,6224.0,348.0,5876.0,651.0,39.0,612.0,risk_ratio,1.2744962328251122,0.031171739693954592,1.1989611840135603,1.3547900208477734,7.188632720214503e-15,,,,,,,,,,,,,,,,,,
share,incident_heart_disease,frailty_head_to_head,M4_fried4_withdrawal,PASS_BASELINE_FREE_RISK_SET,26645,18995,1340,25305,20,20,PASS,,loss_1,6224.0,348.0,5876.0,651.0,39.0,612.0,risk_ratio,0.9656867737723599,0.10769259854374211,0.7819305425494878,1.1926263194660267,0.7457739150110124,,,,,,,,,,,,,,,,,,
share,incident_heart_disease,frailty_head_to_head,M4_fried4_withdrawal,PASS_BASELINE_FREE_RISK_SET,26645,18995,1340,25305,20,20,PASS,,loss_2plus,6224.0,348.0,5876.0,651.0,39.0,612.0,risk_ratio,0.9307474114234735,0.2307448535046083,0.5921359945874716,1.462992879659381,0.7557818490701562,,,,,,,,,,,,,,,,,,
share,incident_heart_disease,frailty_head_to_head,M5_fi_withdrawal,PASS_BASELINE_FREE_RISK_SET,27709,19596,1415,26294,20,20,PASS,,fi_per_0_1,6570.0,374.0,6196.0,693.0,45.0,648.0,risk_ratio,1.2126142961458086,0.026162834004767044,1.1520009556913344,1.276416850136,1.7266927445923552e-13,,,,,,,,,,,,,,,,,,
share,incident_heart_disease,frailty_head_to_head,M5_fi_withdrawal,PASS_BASELINE_FREE_RISK_SET,27709,19596,1415,26294,20,20,PASS,,loss_1,6570.0,374.0,6196.0,693.0,45.0,648.0,risk_ratio,0.9443092411786123,0.10427949146404997,0.769752974392809,1.1584494930711071,0.5826623650540088,,,,,,,,,,,,,,,,,,
share,incident_heart_disease,frailty_head_to_head,M5_fi_withdrawal,PASS_BASELINE_FREE_RISK_SET,27709,19596,1415,26294,20,20,PASS,,loss_2plus,6570.0,374.0,6196.0,693.0,45.0,648.0,risk_ratio,0.9587176169510596,0.21833820234186363,0.624943698169274,1.4707556404598836,0.8468892743052099,,,,,,,,,,,,,,,,,,
share,incident_heart_disease,frailty_head_to_head,nonfrail_withdrawal,PASS_BASELINE_FREE_RISK_SET,24983,17893,1145,23838,19,19,NOT_EVALUABLE_LOSS_2PLUS_EVENTS,,,5308.0,245.0,5063.0,477.0,18.0,459.0,,,,,,,,,,,,,,,,,,,,,,,,
share,incident_heart_disease,frailty_head_to_head,nonfrail_any_withdrawal,PASS_BASELINE_FREE_RISK_SET,24983,17893,1145,23838,18,18,PASS,,any_withdrawal,,,,,,,risk_ratio,1.0057438639506482,0.11218758566752582,0.8072222898299024,1.2530881922097656,0.9592838697639113,,,,,,,5785.0,263.0,5522.0,,,,,,,,,
share,incident_heart_disease,frailty_head_to_head,four_state,PASS_BASELINE_FREE_RISK_SET,26644,18995,1340,25304,20,20,PASS,,withdrawal_only,,,,,,,risk_ratio,0.9891516360135492,0.10618210728582297,0.8033050553187171,1.2179942757114672,0.9181806366369497,,,,,,,,,,5785.0,263.0,5522.0,572.0,71.0,501.0,1089.0,124.0,965.0
share,incident_heart_disease,frailty_head_to_head,four_state,PASS_BASELINE_FREE_RISK_SET,26644,18995,1340,25304,20,20,PASS,,frailty_only,,,,,,,risk_ratio,1.8823482687151643,0.12270260082897512,1.479978259381706,2.394112874479144,2.537614655142371e-07,,,,,,,,,,5785.0,263.0,5522.0,572.0,71.0,501.0,1089.0,124.0,965.0
share,incident_heart_disease,frailty_head_to_head,four_state,PASS_BASELINE_FREE_RISK_SET,26644,18995,1340,25304,20,20,PASS,,both,,,,,,,risk_ratio,1.5619545023686292,0.15550538047584528,1.1516008041597485,2.1185308821052193,0.004135081942612473,,,,,,,,,,5785.0,263.0,5522.0,572.0,71.0,501.0,1089.0,124.0,965.0
share,incident_hypertension,frailty_head_to_head,M0_routine,PASS_BASELINE_FREE_RISK_SET,15238,11095,1750,13488,17,17,PASS,,__model__,,,,,,,,,,,,,,,,,,,,,,,,,,,,,,
share,incident_hypertension,frailty_head_to_head,M1_withdrawal,PASS_BASELINE_FREE_RISK_SET,15238,11095,1750,13488,19,19,PASS,,loss_1,3485.0,419.0,3066.0,343.0,43.0,300.0,risk_ratio,0.9317618852739447,0.08861540398221067,0.7832048579247527,1.1084969686598485,0.42511353431524423,,,,,,,,,,,,,,,,,,
share,incident_hypertension,frailty_head_to_head,M1_withdrawal,PASS_BASELINE_FREE_RISK_SET,15238,11095,1750,13488,19,19,PASS,,loss_2plus,3485.0,419.0,3066.0,343.0,43.0,300.0,risk_ratio,0.8519465943982019,0.20522242874734412,0.5698056131303074,1.2737905401095269,0.4349380078368841,,,,,,,,,,,,,,,,,,
share,incident_hypertension,frailty_head_to_head,M2_fried,PASS_BASELINE_FREE_RISK_SET,15238,11095,1750,13488,19,19,PASS,,prefrail,,,,,,,risk_ratio,1.1336139818163518,0.04994566273015743,1.0279011894260277,1.2501986309473028,0.012040892503842188,6093.0,781.0,5312.0,767.0,147.0,620.0,,,,,,,,,,,,
share,incident_hypertension,frailty_head_to_head,M2_fried,PASS_BASELINE_FREE_RISK_SET,15238,11095,1750,13488,19,19,PASS,,frail,,,,,,,risk_ratio,1.3450224461126976,0.1051316874054308,1.0945642956037396,1.652790418811468,0.004811006645273598,6093.0,781.0,5312.0,767.0,147.0,620.0,,,,,,,,,,,,
share,incident_hypertension,frailty_head_to_head,M3_fried_withdrawal,PASS_BASELINE_FREE_RISK_SET,15238,11095,1750,13488,21,21,PASS,,prefrail,3485.0,419.0,3066.0,343.0,43.0,300.0,risk_ratio,1.1345637101663013,0.04992462686261436,1.028804769128027,1.2511944452953214,0.011446116664870687,6093.0,781.0,5312.0,767.0,147.0,620.0,,,,,,,,,,,,
share,incident_hypertension,frailty_head_to_head,M3_fried_withdrawal,PASS_BASELINE_FREE_RISK_SET,15238,11095,1750,13488,21,21,PASS,,frail,3485.0,419.0,3066.0,343.0,43.0,300.0,risk_ratio,1.3441861416526713,0.10513292501881968,1.0938810669367305,1.6517667578532114,0.004900937875852984,6093.0,781.0,5312.0,767.0,147.0,620.0,,,,,,,,,,,,
share,incident_hypertension,frailty_head_to_head,M3_fried_withdrawal,PASS_BASELINE_FREE_RISK_SET,15238,11095,1750,13488,21,21,PASS,,loss_1,3485.0,419.0,3066.0,343.0,43.0,300.0,risk_ratio,0.9311056289181824,0.08824412330876232,0.7832229743945346,1.1069104463812747,0.4185604180860215,6093.0,781.0,5312.0,767.0,147.0,620.0,,,,,,,,,,,,
share,incident_hypertension,frailty_head_to_head,M3_fried_withdrawal,PASS_BASELINE_FREE_RISK_SET,15238,11095,1750,13488,21,21,PASS,,loss_2plus,3485.0,419.0,3066.0,343.0,43.0,300.0,risk_ratio,0.8484921057061481,0.2048644499467109,0.5678934636883038,1.2677357629190842,0.4225721326874935,6093.0,781.0,5312.0,767.0,147.0,620.0,,,,,,,,,,,,
share,incident_hypertension,frailty_head_to_head,M1b_any_withdrawal,PASS_BASELINE_FREE_RISK_SET,15238,11095,1750,13488,18,18,PASS,,any_withdrawal,,,,,,,risk_ratio,0.9414237561853777,0.08589946003650245,0.7955498538459111,1.1140454421877717,0.4822400804374888,,,,,,,3828.0,462.0,3366.0,,,,,,,,,
share,incident_hypertension,frailty_head_to_head,M3b_fried_any_withdrawal,PASS_BASELINE_FREE_RISK_SET,15238,11095,1750,13488,20,20,PASS,,prefrail,,,,,,,risk_ratio,1.134163671743237,0.04992616099851645,1.0284389281253756,1.250757044608182,0.01168110349329648,6093.0,781.0,5312.0,767.0,147.0,620.0,3828.0,462.0,3366.0,,,,,,,,,
share,incident_hypertension,frailty_head_to_head,M3b_fried_any_withdrawal,PASS_BASELINE_FREE_RISK_SET,15238,11095,1750,13488,20,20,PASS,,frail,,,,,,,risk_ratio,1.344142512816918,0.10510267647320075,1.0939104140779576,1.6516152250773093,0.004893307894051075,6093.0,781.0,5312.0,767.0,147.0,620.0,3828.0,462.0,3366.0,,,,,,,,,
share,incident_hypertension,frailty_head_to_head,M3b_fried_any_withdrawal,PASS_BASELINE_FREE_RISK_SET,15238,11095,1750,13488,20,20,PASS,,any_withdrawal,,,,,,,risk_ratio,0.9411215782748316,0.08553390812247193,0.7958645061928072,1.1128902196323562,0.4780386292643778,6093.0,781.0,5312.0,767.0,147.0,620.0,3828.0,462.0,3366.0,,,,,,,,,
share,incident_hypertension,frailty_head_to_head,M4_fried4_withdrawal,PASS_BASELINE_FREE_RISK_SET,15240,11095,1750,13490,20,20,PASS,,fried4,3486.0,419.0,3067.0,343.0,43.0,300.0,risk_ratio,1.0972516559228807,0.02885481632817669,1.03691935430958,1.161094342989814,0.001298109007767403,,,,,,,,,,,,,,,,,,
share,incident_hypertension,frailty_head_to_head,M4_fried4_withdrawal,PASS_BASELINE_FREE_RISK_SET,15240,11095,1750,13490,20,20,PASS,,loss_1,3486.0,419.0,3067.0,343.0,43.0,300.0,risk_ratio,0.9327073072508656,0.0883131605980848,0.7844641130128741,1.10896458686681,0.43021290657915323,,,,,,,,,,,,,,,,,,
share,incident_hypertension,frailty_head_to_head,M4_fried4_withdrawal,PASS_BASELINE_FREE_RISK_SET,15240,11095,1750,13490,20,20,PASS,,loss_2plus,3486.0,419.0,3067.0,343.0,43.0,300.0,risk_ratio,0.8550228766705414,0.2049630036039233,0.5721539621113102,1.2777402028857092,0.4447645592011644,,,,,,,,,,,,,,,,,,
share,incident_hypertension,frailty_head_to_head,M5_fi_withdrawal,PASS_BASELINE_FREE_RISK_SET,15765,11419,1839,13926,20,20,PASS,,fi_per_0_1,3639.0,450.0,3189.0,375.0,50.0,325.0,risk_ratio,1.100903358394323,0.02709667000152145,1.0439614676263433,1.1609510907328777,0.00038859852201396865,,,,,,,,,,,,,,,,,,
share,incident_hypertension,frailty_head_to_head,M5_fi_withdrawal,PASS_BASELINE_FREE_RISK_SET,15765,11419,1839,13926,20,20,PASS,,loss_1,3639.0,450.0,3189.0,375.0,50.0,325.0,risk_ratio,0.9499593613526953,0.08604273849843716,0.8025374636319061,1.124461883857335,0.5507513812264201,,,,,,,,,,,,,,,,,,
share,incident_hypertension,frailty_head_to_head,M5_fi_withdrawal,PASS_BASELINE_FREE_RISK_SET,15765,11419,1839,13926,20,20,PASS,,loss_2plus,3639.0,450.0,3189.0,375.0,50.0,325.0,risk_ratio,0.8948270392519513,0.19494312167823555,0.6106652580298508,1.3112182487009474,0.5686524662078349,,,,,,,,,,,,,,,,,,
share,incident_hypertension,frailty_head_to_head,nonfrail_withdrawal,PASS_BASELINE_FREE_RISK_SET,14471,10555,1603,12868,19,19,PASS,,loss_1,3079.0,350.0,2729.0,258.0,27.0,231.0,risk_ratio,0.9672083729782484,0.0915773288328176,0.8082938675611006,1.157366243024867,0.7157995030824515,,,,,,,,,,,,,,,,,,
share,incident_hypertension,frailty_head_to_head,nonfrail_withdrawal,PASS_BASELINE_FREE_RISK_SET,14471,10555,1603,12868,19,19,PASS,,loss_2plus,3079.0,350.0,2729.0,258.0,27.0,231.0,risk_ratio,0.8152170182245112,0.23800908240433774,0.511304410611865,1.2997712771684844,0.39068571741143365,,,,,,,,,,,,,,,,,,
share,incident_hypertension,frailty_head_to_head,nonfrail_any_withdrawal,PASS_BASELINE_FREE_RISK_SET,14471,10555,1603,12868,18,18,PASS,,any_withdrawal,,,,,,,risk_ratio,0.9803491666373824,0.08948201336125014,0.8226470717083382,1.168282878015706,0.8244750802957679,,,,,,,3337.0,377.0,2960.0,,,,,,,,,
share,incident_hypertension,frailty_head_to_head,four_state,PASS_BASELINE_FREE_RISK_SET,15238,11095,1750,13488,20,20,PASS,,withdrawal_only,,,,,,,risk_ratio,0.9682053932725915,0.08648850081403653,0.817237623353305,1.1470613402692929,0.7087111639517407,,,,,,,,,,3337.0,377.0,2960.0,276.0,62.0,214.0,491.0,85.0,406.0
share,incident_hypertension,frailty_head_to_head,four_state,PASS_BASELINE_FREE_RISK_SET,15238,11095,1750,13488,20,20,PASS,,frailty_only,,,,,,,risk_ratio,1.4528536985641136,0.12025830240425191,1.1477778270743644,1.8390178130655483,0.0018959724065832104,,,,,,,,,,3337.0,377.0,2960.0,276.0,62.0,214.0,491.0,85.0,406.0
share,incident_hypertension,frailty_head_to_head,four_state,PASS_BASELINE_FREE_RISK_SET,15238,11095,1750,13488,20,20,PASS,,both,,,,,,,risk_ratio,0.9846191782059028,0.14395777645798333,0.7425594153524001,1.3055856623012168,0.9142552641096077,,,,,,,,,,3337.0,377.0,2960.0,276.0,62.0,214.0,491.0,85.0,406.0
share,incident_cancer,frailty_head_to_head,M0_routine,PASS_BASELINE_FREE_RISK_SET,29906,21430,816,29090,17,17,PASS,,__model__,,,,,,,,,,,,,,,,,,,,,,,,,,,,,,
share,incident_cancer,frailty_head_to_head,M1_withdrawal,PASS_BASELINE_FREE_RISK_SET,29906,21430,816,29090,19,19,PASS,,loss_1,7183.0,205.0,6978.0,779.0,32.0,747.0,risk_ratio,0.9419988160357867,0.13920413472738347,0.7170667461621681,1.2374883846756197,0.6677523477843874,,,,,,,,,,,,,,,,,,
share,incident_cancer,frailty_head_to_head,M1_withdrawal,PASS_BASELINE_FREE_RISK_SET,29906,21430,816,29090,19,19,PASS,,loss_2plus,7183.0,205.0,6978.0,779.0,32.0,747.0,risk_ratio,1.1754209998442529,0.2865935797383349,0.6702619228757366,2.0613054087081237,0.5727835729827582,,,,,,,,,,,,,,,,,,
share,incident_cancer,frailty_head_to_head,M2_fried,PASS_BASELINE_FREE_RISK_SET,29906,21430,816,29090,19,19,PASS,,prefrail,,,,,,,risk_ratio,1.297934628728216,0.0800899322732186,1.1093795234601553,1.5185374029596983,0.0011298662392037763,12795.0,391.0,12404.0,2441.0,91.0,2350.0,,,,,,,,,,,,
share,incident_cancer,frailty_head_to_head,M2_fried,PASS_BASELINE_FREE_RISK_SET,29906,21430,816,29090,19,19,PASS,,frail,,,,,,,risk_ratio,1.447318434038353,0.1490752826191778,1.0806149783874481,1.9384616088082551,0.01313680784806701,12795.0,391.0,12404.0,2441.0,91.0,2350.0,,,,,,,,,,,,
share,incident_cancer,frailty_head_to_head,M3_fried_withdrawal,PASS_BASELINE_FREE_RISK_SET,29906,21430,816,29090,21,21,PASS,,prefrail,7183.0,205.0,6978.0,779.0,32.0,747.0,risk_ratio,1.2963699705540739,0.08008914894790788,1.1080438693385455,1.5167044799025884,0.0011911589738699253,12795.0,391.0,12404.0,2441.0,91.0,2350.0,,,,,,,,,,,,
share,incident_cancer,frailty_head_to_head,M3_fried_withdrawal,PASS_BASELINE_FREE_RISK_SET,29906,21430,816,29090,21,21,PASS,,frail,7183.0,205.0,6978.0,779.0,32.0,747.0,risk_ratio,1.4494527719076897,0.14892365861481305,1.0825302003200243,1.9407433966921201,0.012686204020407177,12795.0,391.0,12404.0,2441.0,91.0,2350.0,,,,,,,,,,,,
share,incident_cancer,frailty_head_to_head,M3_fried_withdrawal,PASS_BASELINE_FREE_RISK_SET,29906,21430,816,29090,21,21,PASS,,loss_1,7183.0,205.0,6978.0,779.0,32.0,747.0,risk_ratio,0.9435457378276828,0.138873945278883,0.7187092603557524,1.2387186425455394,0.675625315014124,12795.0,391.0,12404.0,2441.0,91.0,2350.0,,,,,,,,,,,,
share,incident_cancer,frailty_head_to_head,M3_fried_withdrawal,PASS_BASELINE_FREE_RISK_SET,29906,21430,816,29090,21,21,PASS,,loss_2plus,7183.0,205.0,6978.0,779.0,32.0,747.0,risk_ratio,1.1725097121492343,0.2860938529614189,0.6692569958178537,2.054187006897486,0.5780237193059883,12795.0,391.0,12404.0,2441.0,91.0,2350.0,,,,,,,,,,,,
share,incident_cancer,frailty_head_to_head,M1b_any_withdrawal,PASS_BASELINE_FREE_RISK_SET,29906,21430,816,29090,18,18,PASS,,any_withdrawal,,,,,,,risk_ratio,0.9095244886648699,0.13604335164866663,0.6966491089040667,1.1874482934205672,0.4857515503455031,,,,,,,7962.0,237.0,7725.0,,,,,,,,,
share,incident_cancer,frailty_head_to_head,M3b_fried_any_withdrawal,PASS_BASELINE_FREE_RISK_SET,29906,21430,816,29090,20,20,PASS,,prefrail,,,,,,,risk_ratio,1.297571786513186,0.08011966070810227,1.1090047726030736,1.5182013484063115,0.0011487045671905107,12795.0,391.0,12404.0,2441.0,91.0,2350.0,7962.0,237.0,7725.0,,,,,,,,,
share,incident_cancer,frailty_head_to_head,M3b_fried_any_withdrawal,PASS_BASELINE_FREE_RISK_SET,29906,21430,816,29090,20,20,PASS,,frail,,,,,,,risk_ratio,1.4471309346222836,0.14910950418367694,1.0804025169250149,1.9383404880443376,0.013189885050066854,12795.0,391.0,12404.0,2441.0,91.0,2350.0,7962.0,237.0,7725.0,,,,,,,,,
share,incident_cancer,frailty_head_to_head,M3b_fried_any_withdrawal,PASS_BASELINE_FREE_RISK_SET,29906,21430,816,29090,20,20,PASS,,any_withdrawal,,,,,,,risk_ratio,0.9116612814553555,0.13572045596640248,0.698727842322047,1.1894850065553146,0.49558653752236226,12795.0,391.0,12404.0,2441.0,91.0,2350.0,7962.0,237.0,7725.0,,,,,,,,,
share,incident_cancer,frailty_head_to_head,M4_fried4_withdrawal,PASS_BASELINE_FREE_RISK_SET,29908,21431,816,29092,20,20,PASS,,fried4,7184.0,205.0,6979.0,779.0,32.0,747.0,risk_ratio,1.1392718396657129,0.04211353305503725,1.0490115219937641,1.2372984447190978,0.001960589168591162,,,,,,,,,,,,,,,,,,
share,incident_cancer,frailty_head_to_head,M4_fried4_withdrawal,PASS_BASELINE_FREE_RISK_SET,29908,21431,816,29092,20,20,PASS,,loss_1,7184.0,205.0,6979.0,779.0,32.0,747.0,risk_ratio,0.9450485414520033,0.1389837112555896,0.7196991117309542,1.2409585216140067,0.6842584090116479,,,,,,,,,,,,,,,,,,
share,incident_cancer,frailty_head_to_head,M4_fried4_withdrawal,PASS_BASELINE_FREE_RISK_SET,29908,21431,816,29092,20,20,PASS,,loss_2plus,7184.0,205.0,6979.0,779.0,32.0,747.0,risk_ratio,1.1899984843799736,0.2858625539253946,0.6795474094588951,2.083881673471808,0.5428450756570022,,,,,,,,,,,,,,,,,,
share,incident_cancer,frailty_head_to_head,M5_fi_withdrawal,PASS_BASELINE_FREE_RISK_SET,31153,22124,847,30306,20,20,PASS,,fi_per_0_1,7613.0,215.0,7398.0,831.0,32.0,799.0,risk_ratio,1.121948311340371,0.04085485072323907,1.0356121505679514,1.2154820823888317,0.004855355515404585,,,,,,,,,,,,,,,,,,
share,incident_cancer,frailty_head_to_head,M5_fi_withdrawal,PASS_BASELINE_FREE_RISK_SET,31153,22124,847,30306,20,20,PASS,,loss_1,7613.0,215.0,7398.0,831.0,32.0,799.0,risk_ratio,0.9271221120466389,0.13687438229605994,0.7089722778319812,1.212396362343417,0.5803711725790537,,,,,,,,,,,,,,,,,,
share,incident_cancer,frailty_head_to_head,M5_fi_withdrawal,PASS_BASELINE_FREE_RISK_SET,31153,22124,847,30306,20,20,PASS,,loss_2plus,7613.0,215.0,7398.0,831.0,32.0,799.0,risk_ratio,1.0946325315836143,0.2829246354791949,0.6286985584342041,1.9058742272057416,0.7492822775840116,,,,,,,,,,,,,,,,,,
share,incident_cancer,frailty_head_to_head,nonfrail_withdrawal,PASS_BASELINE_FREE_RISK_SET,27465,19784,725,26740,19,19,PASS,,loss_1,5813.0,152.0,5661.0,548.0,21.0,527.0,risk_ratio,0.919671540009815,0.14645816469255296,0.6901878842417091,1.2254572426076096,0.5674856244632863,,,,,,,,,,,,,,,,,,
share,incident_cancer,frailty_head_to_head,nonfrail_withdrawal,PASS_BASELINE_FREE_RISK_SET,27465,19784,725,26740,19,19,PASS,,loss_2plus,5813.0,152.0,5661.0,548.0,21.0,527.0,risk_ratio,1.1891607524186931,0.3254683929427652,0.6283496373770134,2.2505038771026173,0.5945161414053803,,,,,,,,,,,,,,,,,,
share,incident_cancer,frailty_head_to_head,nonfrail_any_withdrawal,PASS_BASELINE_FREE_RISK_SET,27465,19784,725,26740,18,18,PASS,,any_withdrawal,,,,,,,risk_ratio,0.8932794389465845,0.14467457705481315,0.672728945519264,1.186136201451547,0.4353515930965016,,,,,,,6361.0,173.0,6188.0,,,,,,,,,
share,incident_cancer,frailty_head_to_head,four_state,PASS_BASELINE_FREE_RISK_SET,29906,21430,816,29090,20,20,PASS,,withdrawal_only,,,,,,,risk_ratio,0.90658594811081,0.13837172264942255,0.6912366542560402,1.1890256054152155,0.4784864411080748,,,,,,,,,,6361.0,173.0,6188.0,840.0,27.0,813.0,1601.0,64.0,1537.0
share,incident_cancer,frailty_head_to_head,four_state,PASS_BASELINE_FREE_RISK_SET,29906,21430,816,29090,20,20,PASS,,frailty_only,,,,,,,risk_ratio,1.1210548348381064,0.20154717638315914,0.7552132283120817,1.6641180207115667,0.5707384194070674,,,,,,,,,,6361.0,173.0,6188.0,840.0,27.0,813.0,1601.0,64.0,1537.0
share,incident_cancer,frailty_head_to_head,four_state,PASS_BASELINE_FREE_RISK_SET,29906,21430,816,29090,20,20,PASS,,both,,,,,,,risk_ratio,1.0497299211891187,0.20256252150232448,0.7057583831278788,1.5613458285199715,0.8106444486540556,,,,,,,,,,6361.0,173.0,6188.0,840.0,27.0,813.0,1601.0,64.0,1537.0
share,incident_arthritis,frailty_head_to_head,M0_routine,PASS_BASELINE_FREE_RISK_SET,19598,14716,2510,17088,17,17,PASS,,__model__,,,,,,,,,,,,,,,,,,,,,,,,,,,,,,
share,incident_arthritis,frailty_head_to_head,M1_withdrawal,PASS_BASELINE_FREE_RISK_SET,19598,14716,2510,17088,19,19,PASS,,loss_1,4460.0,609.0,3851.0,480.0,57.0,423.0,risk_ratio,1.1373982052018068,0.07127980757569011,0.9890973912215996,1.3079345761882144,0.07089194745694366,,,,,,,,,,,,,,,,,,
share,incident_arthritis,frailty_head_to_head,M1_withdrawal,PASS_BASELINE_FREE_RISK_SET,19598,14716,2510,17088,19,19,PASS,,loss_2plus,4460.0,609.0,3851.0,480.0,57.0,423.0,risk_ratio,1.0909839286413876,0.17247440919727172,0.7780506497703811,1.5297794981664274,0.613638657985088,,,,,,,,,,,,,,,,,,
share,incident_arthritis,frailty_head_to_head,M2_fried,PASS_BASELINE_FREE_RISK_SET,19598,14716,2510,17088,19,19,PASS,,prefrail,,,,,,,risk_ratio,1.3106278682309405,0.041140452936928244,1.2090954342713458,1.4206863745364886,4.8590949527189704e-11,7481.0,1122.0,6359.0,923.0,212.0,711.0,,,,,,,,,,,,
share,incident_arthritis,frailty_head_to_head,M2_fried,PASS_BASELINE_FREE_RISK_SET,19598,14716,2510,17088,19,19,PASS,,frail,,,,,,,risk_ratio,1.8579854242823222,0.08523381362293612,1.5721397515807392,2.195803415933328,3.644233209856688e-13,7481.0,1122.0,6359.0,923.0,212.0,711.0,,,,,,,,,,,,
share,incident_arthritis,frailty_head_to_head,M3_fried_withdrawal,PASS_BASELINE_FREE_RISK_SET,19598,14716,2510,17088,21,21,PASS,,prefrail,4460.0,609.0,3851.0,480.0,57.0,423.0,risk_ratio,1.311639041817947,0.04112780142468074,1.210058278560052,1.4217472054886022,4.224990557275465e-11,7481.0,1122.0,6359.0,923.0,212.0,711.0,,,,,,,,,,,,
share,incident_arthritis,frailty_head_to_head,M3_fried_withdrawal,PASS_BASELINE_FREE_RISK_SET,19598,14716,2510,17088,21,21,PASS,,frail,4460.0,609.0,3851.0,480.0,57.0,423.0,risk_ratio,1.8598106275090565,0.08511093597304056,1.5740631976547774,2.197431192946443,3.0952428105343846e-13,7481.0,1122.0,6359.0,923.0,212.0,711.0,,,,,,,,,,,,
share,incident_arthritis,frailty_head_to_head,M3_fried_withdrawal,PASS_BASELINE_FREE_RISK_SET,19598,14716,2510,17088,21,21,PASS,,loss_1,4460.0,609.0,3851.0,480.0,57.0,423.0,risk_ratio,1.1433053676149652,0.0707316608756991,0.9953030697544365,1.3133157159252942,0.0583043465678657,7481.0,1122.0,6359.0,923.0,212.0,711.0,,,,,,,,,,,,
share,incident_arthritis,frailty_head_to_head,M3_fried_withdrawal,PASS_BASELINE_FREE_RISK_SET,19598,14716,2510,17088,21,21,PASS,,loss_2plus,4460.0,609.0,3851.0,480.0,57.0,423.0,risk_ratio,1.0952866463485293,0.17246269591915586,0.7811371267102963,1.5357775179905497,0.5976772168649627,7481.0,1122.0,6359.0,923.0,212.0,711.0,,,,,,,,,,,,
share,incident_arthritis,frailty_head_to_head,M1b_any_withdrawal,PASS_BASELINE_FREE_RISK_SET,19598,14716,2510,17088,18,18,PASS,,any_withdrawal,,,,,,,risk_ratio,1.1420055304906145,0.06973458936353685,0.9961162318161159,1.3092614998285683,0.05688909112876039,,,,,,,4940.0,666.0,4274.0,,,,,,,,,
share,incident_arthritis,frailty_head_to_head,M3b_fried_any_withdrawal,PASS_BASELINE_FREE_RISK_SET,19598,14716,2510,17088,20,20,PASS,,prefrail,,,,,,,risk_ratio,1.3115703683165252,0.04112560159464544,1.2100001405343044,1.4216666373991844,4.251282500101479e-11,7481.0,1122.0,6359.0,923.0,212.0,711.0,4940.0,666.0,4274.0,,,,,,,,,
share,incident_arthritis,frailty_head_to_head,M3b_fried_any_withdrawal,PASS_BASELINE_FREE_RISK_SET,19598,14716,2510,17088,20,20,PASS,,frail,,,,,,,risk_ratio,1.8598160826098624,0.08510567797474848,1.5740840362353623,2.197414992789563,3.0841227414533926e-13,7481.0,1122.0,6359.0,923.0,212.0,711.0,4940.0,666.0,4274.0,,,,,,,,,
share,incident_arthritis,frailty_head_to_head,M3b_fried_any_withdrawal,PASS_BASELINE_FREE_RISK_SET,19598,14716,2510,17088,20,20,PASS,,any_withdrawal,,,,,,,risk_ratio,1.148061517266628,0.06923008743267742,1.0023892546468842,1.3149036078732361,0.04610457857625232,7481.0,1122.0,6359.0,923.0,212.0,711.0,4940.0,666.0,4274.0,,,,,,,,,
share,incident_arthritis,frailty_head_to_head,M4_fried4_withdrawal,PASS_BASELINE_FREE_RISK_SET,19600,14717,2511,17089,20,20,PASS,,fried4,4461.0,609.0,3852.0,480.0,57.0,423.0,risk_ratio,1.2150957658937045,0.02340605203795352,1.1606124899371948,1.272136680497644,8.532264997075868e-17,,,,,,,,,,,,,,,,,,
share,incident_arthritis,frailty_head_to_head,M4_fried4_withdrawal,PASS_BASELINE_FREE_RISK_SET,19600,14717,2511,17089,20,20,PASS,,loss_1,4461.0,609.0,3852.0,480.0,57.0,423.0,risk_ratio,1.1481830967674143,0.07063741189835325,0.9997340292321666,1.3186751527453078,0.05044181194195504,,,,,,,,,,,,,,,,,,
share,incident_arthritis,frailty_head_to_head,M4_fried4_withdrawal,PASS_BASELINE_FREE_RISK_SET,19600,14717,2511,17089,20,20,PASS,,loss_2plus,4461.0,609.0,3852.0,480.0,57.0,423.0,risk_ratio,1.1096099275967624,0.17208370214463067,0.7919402582254614,1.5547058993820793,0.5455733038366811,,,,,,,,,,,,,,,,,,
share,incident_arthritis,frailty_head_to_head,M5_fi_withdrawal,PASS_BASELINE_FREE_RISK_SET,20264,15141,2614,17650,20,20,PASS,,fi_per_0_1,4677.0,649.0,4028.0,510.0,62.0,448.0,risk_ratio,1.268783916375441,0.020065215417470462,1.2198547521088043,1.3196756611146239,1.8150413096429086e-32,,,,,,,,,,,,,,,,,,
share,incident_arthritis,frailty_head_to_head,M5_fi_withdrawal,PASS_BASELINE_FREE_RISK_SET,20264,15141,2614,17650,20,20,PASS,,loss_1,4677.0,649.0,4028.0,510.0,62.0,448.0,risk_ratio,1.1355820073963092,0.06917334575270416,0.9916034842984469,1.3004658776835352,0.06605241123003741,,,,,,,,,,,,,,,,,,
share,incident_arthritis,frailty_head_to_head,M5_fi_withdrawal,PASS_BASELINE_FREE_RISK_SET,20264,15141,2614,17650,20,20,PASS,,loss_2plus,4677.0,649.0,4028.0,510.0,62.0,448.0,risk_ratio,1.097495760386583,0.16617298629402813,0.7924213148991237,1.5200208795744699,0.575585628405375,,,,,,,,,,,,,,,,,,
share,incident_arthritis,frailty_head_to_head,nonfrail_withdrawal,PASS_BASELINE_FREE_RISK_SET,18675,14002,2298,16377,19,19,PASS,,loss_1,3948.0,487.0,3461.0,367.0,46.0,321.0,risk_ratio,1.1172523968505557,0.07427238675185292,0.9658963497347945,1.2923259505132654,0.13549435887349795,,,,,,,,,,,,,,,,,,
share,incident_arthritis,frailty_head_to_head,nonfrail_withdrawal,PASS_BASELINE_FREE_RISK_SET,18675,14002,2298,16377,19,19,PASS,,loss_2plus,3948.0,487.0,3461.0,367.0,46.0,321.0,risk_ratio,1.3074692650642512,0.18536617776265066,0.909175056144446,1.8802494278022277,0.14809563617439422,,,,,,,,,,,,,,,,,,
share,incident_arthritis,frailty_head_to_head,nonfrail_any_withdrawal,PASS_BASELINE_FREE_RISK_SET,18675,14002,2298,16377,18,18,PASS,,any_withdrawal,,,,,,,risk_ratio,1.104569442429214,0.0736282142822196,0.9561379912253454,1.276043483623939,0.17676550363353838,,,,,,,4315.0,533.0,3782.0,,,,,,,,,
share,incident_arthritis,frailty_head_to_head,four_state,PASS_BASELINE_FREE_RISK_SET,19598,14716,2510,17088,20,20,PASS,,withdrawal_only,,,,,,,risk_ratio,1.1616242385844135,0.06995989107585679,1.0127813566928425,1.3323417366933792,0.032233594916568464,,,,,,,,,,4315.0,533.0,3782.0,298.0,79.0,219.0,625.0,133.0,492.0
share,incident_arthritis,frailty_head_to_head,four_state,PASS_BASELINE_FREE_RISK_SET,19598,14716,2510,17088,20,20,PASS,,frailty_only,,,,,,,risk_ratio,1.682376728998555,0.10328189863011468,1.3740721615087794,2.0598564890274815,4.734448537195795e-07,,,,,,,,,,4315.0,533.0,3782.0,298.0,79.0,219.0,625.0,133.0,492.0
share,incident_arthritis,frailty_head_to_head,four_state,PASS_BASELINE_FREE_RISK_SET,19598,14716,2510,17088,20,20,PASS,,both,,,,,,,risk_ratio,1.5492019135434076,0.11890390649020918,1.2271476952325224,1.9557764548233898,0.00023190272468094565,,,,,,,,,,4315.0,533.0,3782.0,298.0,79.0,219.0,625.0,133.0,492.0
